Id,nFORCE__Feature_Translation__c,nFORCE__Translation_Key__c,nFORCE__Original_Text__c,nFORCE__Translated_Text__c,proposed_spanish,tracker_id,notes
a4AAU000003QnzR2AS,Product_Line_Names,es:Product_Line_Names:sniOGra+ZfHDi/fSPNCB8Q==,Commercial,,,,
a4AAU000003QnzT2AS,Product_Line_Names,es:Product_Line_Names:kvgL1XWSr2UYjKJ3hlFMyg==,Deposit,,,,
a4AAU000003vC5z2AE,Product_Line_Names,es:Product_Line_Names:Kib3+wfjT3ySdxjAmBF9Kw==,TWC,,,,
a4AAU000003QnzU2AS,Product_Line_Names,es:Product_Line_Names:iSs9aiMs7Gj8NXmk9DSEEQ==,Trade Finance,,,,
a4AAU000003QnzS2AS,Product_Line_Names,es:Product_Line_Names:IOloou9MvcW+peNNCx5zMw==,Treasury,,,,
a4AAU000003Qo132AC,Product_Names,es:Product_Names:HFg/YKQEVSqoUFr064tM+A==,ACH Origination,,,,
a4AAU000003Qo152AC,Product_Names,es:Product_Names:urROJ9lEeHEBoHoQUyOfaw==,Business Checking,,,,
a4AAU000003Qo1C2AS,Product_Names,es:Product_Names:X5iXqTurcwtCXmYE8G2B8w==,Confirming Contract,,,,
a4AAU000003vCFf2AM,Product_Names,es:Product_Names:Hrd0Vj+GQlgMwkqBXwTapg==,Contract - Fee Fixed,,,,
a4AAU000003vCFe2AM,Product_Names,es:Product_Names:MHtTUrxhlTMUsrC5CFE+sw==,Contract - Fee Tiered,,,,
a4AAU000003vCFg2AM,Product_Names,es:Product_Names:wsLbTYAufjo4xD29JtUG8g==,Contract - Hybrid Fixed,,,,
a4AAU000003vCFh2AM,Product_Names,es:Product_Names:wIPALqpH3Bp0pw5ElTpMtQ==,Contract - Hybrid Tiered,,,,
a4AAU000003vCFd2AM,Product_Names,es:Product_Names:fd0HVhqxJ7tbkr49HW4RVQ==,Contract - Interest,,,,
a4AAU000003Qo192AC,Product_Names,es:Product_Names:N7GrCWv9Gq3HYQJJZT9d6A==,Factoring Contract,,,,
a4AAU000003Qo142AC,Product_Names,es:Product_Names:drakegJoXVF5S5/bCVUS5Q==,Purchase,,,,
a4AAU000003j9rp2AA,Product_Names,es:Product_Names:ftR+qdQkV1Nu0680qBNKUw==,Receivable,,,,
a4AAU000003Qo162AC,Product_Names,es:Product_Names:Z6waCTYq3/jPm+FLJqIlUA==,Term Loan,,,,
a4AAU000003Qo172AC,Product_Names,es:Product_Names:+x4PnoTI71AHf91lHrduDA==,Unsecured Line of Credit,,,,
a4AAU000003Qo182AC,Product_Names,es:Product_Names:hCybp91GgeBmiSWW4wEgKw==,Working Capital,,,,
a4AAU000003Qo2h2AC,Product_Type_Names,es:Product_Type_Names:pK6eWdSuZ5IWZkzj7XjODA==,Business Banking,,,,
a4AAU000003Qo2l2AC,Product_Type_Names,es:Product_Type_Names:RzsCbUOc/QqN1EHawwVBBA==,Confirming,,Confirming,PRD-CONFIRMING,MATCHED TO TWC ITEM
a4AAU000003Qo2g2AC,Product_Type_Names,es:Product_Type_Names:qjN/82lrhdtOR7BmSvk36A==,Electronic Payments,,,,
a4AAU000003Qo2k2AC,Product_Type_Names,es:Product_Type_Names:H+eEoBth0xNQ21/8K1jJug==,Factoring,,Factoring,PRD-FACTORING,MATCHED TO TWC ITEM
a4AAU000003Qo2f2AC,Product_Type_Names,es:Product_Type_Names:2EUUrPbdLbusUad705TgrA==,Real Estate,,,,
a4AAU000003vCHF2A2,Product_Type_Names,es:Product_Type_Names:TaqFBUqE3MTWdxabEpK69Q==,Reverse Factoring,,,,
a4AAU000003Qo2j2AC,Product_Type_Names,es:Product_Type_Names:vStyON1b4oddUn1iqIDQQw==,Sole Trader,,,,
a4AAU000003Qo2i2AC,Product_Type_Names,es:Product_Type_Names:MnsaWoW7Tdy+9sYJUaZ7bA==,Trading Business,,,,
a4AAU000003QoCO2A0,Role_Names,es:Role_Names:q0f5wIWWkvNccsuhYJhq0Q==,Closer,,,,
a4AAU000003QoCM2A0,Role_Names,es:Role_Names:7CWaeW+mQwbkrgKrB1qpmQ==,Credit Analyst / Underwriter,,,,
a4AAU000003QoCQ2A0,Role_Names,es:Role_Names:c9lfmAtfJBhbrw14rgT9kw==,Loan Approver,,,,
a4AAU000003QoCR2A0,Role_Names,es:Role_Names:vOwM3Q/V+DO2GIln9tWcvw==,Loan Approver Queue,,,,
a4AAU000003QoCN2A0,Role_Names,es:Role_Names:2eexn0gVGpufRSWhAbkFNw==,Loan Assistant,,,,
a4AAU000003QoCS2A0,Role_Names,es:Role_Names:N7ok87/g1CQVDL/1/ePh/A==,Loan Ops,,,,
a4AAU000003QoCP2A0,Role_Names,es:Role_Names:UdouxatoEiaA/b4eqO8F2w==,Portfolio Manager,,,,
a4AAU000003QoCL2A0,Role_Names,es:Role_Names:rNKOKXKNjbB/uF6SfrrWNg==,Relationship Manager,,,,
a4AAU000003QoCT2A0,Role_Names,es:Role_Names:M7ky0ELoL0DqMDrzUhh8bA==,Special Assets,,,,
a4AAU000003Qotb2AC,Route_Names,es:Route_Names:giOpmaj/2Xdmi5LKfYPEqA==,Account Covenants,,,,
a4AAU000003Qov02AC,Route_Names,es:Route_Names:Zrdo8kn/vBGJlKTSlbsqyQ==,Account Structure & Roles,,,,
a4AAU000003Qotk2AC,Route_Names,es:Route_Names:U0tLOw55uAF5RRLD47kMwg==,Add Entity,,,,
a4AAU000003Qow02AC,Route_Names,es:Route_Names:xduZvIiRdN9OczCgbOkj2A==,Add Sub-Loan,,,,
a4AAU000003Qova2AC,Route_Names,es:Route_Names:cfwbMnHTSmMSRnfNsWCfTQ==,Administration Dashboard,,,,
a4AAU000003Qou62AC,Route_Names,es:Route_Names:mETm4IzpgoZJq1cT944eTA==,Adverse Action,,,,
a4AAU000003Qovr2AC,Route_Names,es:Route_Names:ELzfwIpcl167oLaPvdMURA==,Adverse Actions,,,,
a4AAU000003QosJ2AS,Route_Names,es:Route_Names:oPY07K+gu/sR46N/qye/rw==,All Loan Facilities,,,,
a4AAU000003Qouf2AC,Route_Names,es:Route_Names:AeIOT5c08NxfjpRQwKj7Iw==,All Loans,,,,
a4AAU000003QosM2AS,Route_Names,es:Route_Names:Iz5IWuzEwRRXlJoVAEpWUA==,All Treasury Services,,,,
a4AAU000003Qov12AC,Route_Names,es:Route_Names:YBlHUdo7QM6J7AEvdpVDgw==,Ancillary Services,,,,
a4AAU000003Qotv2AC,Route_Names,es:Route_Names:5Jh0nzxCJG1QsVyBwQHZiA==,Application,,,,
a4AAU000003QowP2AS,Route_Names,es:Route_Names:AWK85jamPDrkmSJCA+Bu0A==,Approval,,,,
a4AAU000003Qou82AC,Route_Names,es:Route_Names:Fry+gvH5OXdvyyveYlRfyg==,Approval Details,,,,
a4AAU000003Qotc2AC,Route_Names,es:Route_Names:GJZQ8BrBgaIAXromYXttzA==,Approval History,,,,
a4AAU000003QowM2AS,Route_Names,es:Route_Names:Eq6r0i/fg8nhWIYLO43ckw==,Approvals,,Aprobaciones,EV-002/NC-029,MATCHED TO TWC ITEM
a4AAU000003Qovp2AC,Route_Names,es:Route_Names:Dq5rdQFolGGmSmOcsBKCYw==,Approved Details,,,,
a4AAU000003Qovx2AC,Route_Names,es:Route_Names:piJQZ0UNhPiC9Fb6afqi/g==,Approved Fees,,,,
a4AAU000003QowK2AS,Route_Names,es:Route_Names:uYj4VdjRdA8jDwrZDwkw5Q==,Approver Details,,,,
a4AAU000003QotU2AS,Route_Names,es:Route_Names:5LL9RqSHeT3Gl6w+E6/G9A==,Assign Team,,,,
a4AAU000003QowO2AS,Route_Names,es:Route_Names:LI5crhvrZ2oyXF/PBK0DkQ==,Assign to BSU Team Member,,,,
a4AAU000003QotP2AS,Route_Names,es:Route_Names:LUE03HkHzBDFUmRZ1yJRRQ==,Auto-Decision Detail,,,,
a4AAU000003WaeX2AS,Route_Names,es:Route_Names:Txv6DKbdPmvXlbKJBuC8jw==,Automated Spreading,,,,
a4AAU000003Qot52AC,Route_Names,es:Route_Names:zZuy+vPlnfLKXOBQ5YUTpw==,Balance Details,,,,
a4AAU000003Qoud2AC,Route_Names,es:Route_Names:g7UK52CBfsOgaLpPF7EyUQ==,Beneficial Owners/Connections,,,,
a4AAU000003QowD2AS,Route_Names,es:Route_Names:+qLhloac5bT0QTmHC4p7rA==,Beneficial Ownership,,,,
a4AAU000003Qouy2AC,Route_Names,es:Route_Names:vEvuE3AWa9SDMN0Tst5pnA==,Beneficiary,,,,
a4AAU000003Qot62AC,Route_Names,es:Route_Names:yZ6AE2sTfcjc3JQCCsW5EQ==,Booked Details,,,,
a4AAU000003Qow32AC,Route_Names,es:Route_Names:pCBpYbupz7bgtY35nkUbFA==,Booked Facilities,,,,
a4AAU000003Qovg2AC,Route_Names,es:Route_Names:7bCkfAO8vf/NB0jilQ26Nw==,Booked Information,,,,
a4AAU000003QowJ2AS,Route_Names,es:Route_Names:UdetqApSsS8hplAHORQp3g==,Booking Details,,,,
a4AAU000003QotY2AS,Route_Names,es:Route_Names:33EXKOpKlH3ORh29CJF0sg==,Borrowers and Guarantors,,,,
a4AAU000003Qot72AC,Route_Names,es:Route_Names:0nJYkQDhD9UoRHI7qCpXCg==,Borrowing Structure,,,,
a4AAU000003Qosy2AC,Route_Names,es:Route_Names:2DIN4iHJWKHUbB2Cn9bAJQ==,Budget Administration,,,,
a4AAU000003QowF2AS,Route_Names,es:Route_Names:Lv/+9K+A5B1Rj2++z9+6hQ==,Budget Details,,,,
a4AAU000003Qovu2AC,Route_Names,es:Route_Names:F89FwK43tREHOvPTlfVnuA==,Budget Details L,,,,
a4AAU000003QosK2AS,Route_Names,es:Route_Names:jozT/ezQNLyzGmZgGPW2xw==,Bulk Edit,,,,
a4AAU000003Qow42AC,Route_Names,es:Route_Names:9ztUn9FJgvNxZmW6AmEyWA==,Bulk Edit Booked,,,,
a4AAU000003Qow12AC,Route_Names,es:Route_Names:Vj9RxqS14QAsm+wqTZG/yw==,Bulk Edit Post Approval,,,,
a4AAU000003QowW2AS,Route_Names,es:Route_Names:CiyxLebyiYEmDqyuiF/K6Q==,Bulk Remove,,,,
a4AAU000003QouN2AS,Route_Names,es:Route_Names:XHfwNq1gXsexm8iLP6WVyw==,Business Info,,,,
a4AAU000003QouM2AS,Route_Names,es:Route_Names:fX19uDVYV4Ft4DUDyOICUQ==,Business Search,,,,
a4AAU000003QosV2AS,Route_Names,es:Route_Names:xKLlO2y/xees/Q4GxkmxTA==,CRA,,,,
a4AAU000003QotA2AS,Route_Names,es:Route_Names:4lkE415XN4+cucLUx0xIng==,CRA Reporting,,,,
a4AAU00000429GD2AY,Route_Names,es:Route_Names:cxgQoLihL8YTZ9c+fFxa7Q==,CRE Analysis,,,,
a4AAU000003QosW2AS,Route_Names,es:Route_Names:E+Y3/pYGKSkoa5EcFrPC3w==,Certifications,,,,
a4AAU000003QotN2AS,Route_Names,es:Route_Names:AwyYRt2lOzHTq0kCGYwYPA==,Change Memo,,,,
a4AAU000003QotH2AS,Route_Names,es:Route_Names:QAudwmQo5a/DLESJOneMkg==,Change Product,,,,
a4AAU000003Qovc2AC,Route_Names,es:Route_Names:9VFQEB1+BueMuZlOvqCjeQ==,Checks,,,,
a4AAU000003Qouw2AC,Route_Names,es:Route_Names:BFWJu1dpZursHTUgW3vNVQ==,Choose a Product Line,,,,
a4AAU000003QowU2AS,Route_Names,es:Route_Names:jGOE3amNiGTQDinclheZcA==,Cleanup,,,,
a4AAU000003Qou12AC,Route_Names,es:Route_Names:XI3m+JRoL9sXhgN7IECibg==,Closing,,,,
a4AAU000003QosQ2AS,Route_Names,es:Route_Names:ICiMtNKJWIUf+fdni22rPA==,Collateral,,,,
a4AAU000003QosO2AS,Route_Names,es:Route_Names:UBbJN6KoS+YhpshWraU4dg==,Collateral Details,,,,
a4AAU000003QovB2AS,Route_Names,es:Route_Names:dXgkRpwLvz/3ZdpUuqsF4A==,Collateral Owned,,,,
a4AAU000003Qov62AC,Route_Names,es:Route_Names:aAvgXdoOSnQxupfj8J0UQQ==,Collateral Pledged,,Garantías asignadas,COLL(route),MATCHED TO TWC ITEM
a4AAU000003QosN2AS,Route_Names,es:Route_Names:X2ZAiAXJmEunYeEA+sulew==,Collateral Summary,,,,
a4AAU000003QovQ2AS,Route_Names,es:Route_Names:nAQIx3WithBSoucAqJ85bw==,Compliance,,,,
a4AAU000003Qotq2AC,Route_Names,es:Route_Names:csC3N9IWBApQ7U3i9RX7rA==,Conditional Lookups,,,,
a4AAU000003Qow92AC,Route_Names,es:Route_Names:Ip6wQIPgb0GfmsSUMp+VfQ==,Conditions,,Condiciones,NC-015/NC-046,MATCHED TO TWC ITEM
a4AAU000003Qout2AC,Route_Names,es:Route_Names:ybiqAHMNnYjIAx/H1CBJcA==,Connected Relationships,,,,
a4AAU000003QovC2AS,Route_Names,es:Route_Names:mKK8ecEdDLsZ+ZsrjHDm4w==,Connections,,,,
a4AAU000003QowY2AS,Route_Names,es:Route_Names:zUlNdkSdXf4MCt+y80R3YQ==,Contracts,,,,
a4AAU000003QotI2AS,Route_Names,es:Route_Names:e/6QokEJc7lIutoNYfc8xw==,Copy Loan,,,,
a4AAU000003Qoss2AC,Route_Names,es:Route_Names:cfs2ns2iXz5D4Doi0vyyYQ==,Counterparty Report,,,,
a4AAU000003Qot92AC,Route_Names,es:Route_Names:7BkLJ5hMhBS/NrwAIVNj/Q==,Covenant Management,,,,
a4AAU000003Qot82AC,Route_Names,es:Route_Names:8TbadRswS7z41TNkDhQEeA==,Covenants,,,,
a4AAU000003Qosx2AC,Route_Names,es:Route_Names:KmjVdnwPDL5dYk7T+B7ReQ==,Create Relationship,,,,
a4AAU000003QouI2AS,Route_Names,es:Route_Names:PylzUJ8BS4IQ3LHRFEKq8g==,Create Risk Rating,,,,
a4AAU000003Qotj2AC,Route_Names,es:Route_Names:x1/D08FMuhXRJFb8BhE7MQ==,Credit Action,,,,
a4AAU000003Qoug2AC,Route_Names,es:Route_Names:DaYg9w17foaPr2/JkEWvkA==,Credit Actionable Loans,,,,
a4AAU000003Qouh2AC,Route_Names,es:Route_Names:Oz3wW8TE9xOaK4pCwGdjkw==,Credit Actions,,,,
a4AAU000003QouZ2AS,Route_Names,es:Route_Names:wlR+6DvJyn5VqL0BAmszPQ==,Credit Analysis Data Mapping,,,,
a4AAU000003QotF2AS,Route_Names,es:Route_Names:KaNa2Cl828SAMaP2jaI1iA==,Credit Memo,,,,
a4AAU000003Qosw2AC,Route_Names,es:Route_Names:qty+yQh8YJodghORZZX9Tg==,Credit Memo Configuration,,,,
a4AAU000003QovA2AS,Route_Names,es:Route_Names:u4Cy+ZntzGUPJSMvSc9jxQ==,Credit Reports,,,,
a4AAU000003Qovi2AC,Route_Names,es:Route_Names:PXinpyfdZ9NU0jVaPXDU3g==,Customer Portal,,,,
a4AAU000003QosI2AS,Route_Names,es:Route_Names:VoSD6b2FUE88nc7yTs0yNQ==,Data Management,,,,
a4AAU000003QowS2AS,Route_Names,es:Route_Names:s5HkAKNjD/QF8Rmd3rwx5Q==,Date-Based Template Builder,,,,
a4AAU000003QowQ2AS,Route_Names,es:Route_Names:XTD1T8XxKJT9Gvv01BxZaQ==,Decision,,,,
a4AAU000003QotO2AS,Route_Names,es:Route_Names:z0B3dcm+W6/1F+1evU66Lw==,Decision History,,,,
a4AAU000003Qoty2AC,Route_Names,es:Route_Names:ThDz0+2fNHLLTYNvjyUBHQ==,Decisioning,,,,
a4AAU000003Qov42AC,Route_Names,es:Route_Names:cRGj50pUb9viVL1PZyXR/Q==,Deposit Accounts,,,,
a4AAU000003QouD2AS,Route_Names,es:Route_Names:laH9TTd3NCOKkHisRck4sg==,Deposit Products,,,,
a4AAU000003Qote2AC,Route_Names,es:Route_Names:sUtAlc/ak8gWhqyB3qTb7Q==,Deposits,,,,
a4AAU000003Qour2AC,Route_Names,es:Route_Names:PsNl3VM9237z0cERGGzocg==,Details,,,,
a4AAU000003Qov72AC,Route_Names,es:Route_Names:mDxwGRLkK7o82zOmxYk0FA==,DocuSign,,DocuSign,REL-009,MATCHED TO TWC ITEM
a4AAU000003Qost2AC,Route_Names,es:Route_Names:ON2T1AZCZ+kaizvWmodatQ==,Document Manager,,,,
a4AAU000003Qov32AC,Route_Names,es:Route_Names:HcvQ9e39OqwnRDflqNkcfA==,Document Manager Admin,,,,
a4AAU000003Qou52AC,Route_Names,es:Route_Names:nDaZHoLkcgV7DCpkXTAl0w==,Document Preparation,,,,
a4AAU000003Qou32AC,Route_Names,es:Route_Names:8oEos477xhNNxAdR7iH9KQ==,Documents,,,,
a4AAU000003Qovw2AC,Route_Names,es:Route_Names:V6R+j8MYQdaWo9bj7PtRCw==,Draws & Disbursements,,,,
a4AAU000003Qosz2AC,Route_Names,es:Route_Names:8mxtYG46VBtw2s/TuCm7Ag==,E-Signature,,,,
a4AAU000003QovY2AS,Route_Names,es:Route_Names:EYPzc9ot8LiBuyIBmH+6ww==,Edit Memo,,,,
a4AAU000003Qovk2AC,Route_Names,es:Route_Names:VU8h1F86g21VqQmCtSiKwQ==,Editable Fields,,,,
a4AAU000003QouK2AS,Route_Names,es:Route_Names:sTOHk+T7rsTb3AiiFRCMng==,Eligibility,,,,
a4AAU000003QotC2AS,Route_Names,es:Route_Names:UN0LuxmVMsVcLG4jNPkQMA==,Entity Compliance,,,,
a4AAU000003QosZ2AS,Route_Names,es:Route_Names:4QkQT4BjGdeF+7PPWoonfQ==,Existing Records,,,,
a4AAU000003Qosi2AC,Route_Names,es:Route_Names:PEnZEHx7JphL0R+L/47bIA==,Experience Designer,,,,
a4AAU000003Qouj2AC,Route_Names,es:Route_Names:p6L0Hs90lea5pih86OIhtQ==,Export Rule,,,,
a4AAU000003QovD2AS,Route_Names,es:Route_Names:3xDafF0fSlVQ1fQQy5SaXQ==,Exposure,,,,
a4AAU000003QowB2AS,Route_Names,es:Route_Names:oibkbzflWvkCsvFgimrKBg==,Facilities,,,,
a4AAU000003QowI2AS,Route_Names,es:Route_Names:pSzeCC2KLQebTJtAQY5zVQ==,Facility Information,,,,
a4AAU000003Qotp2AC,Route_Names,es:Route_Names:tbkIWBilBVmnTMljLxk5TA==,Feature Management,,,,
a4AAU000003Qou22AC,Route_Names,es:Route_Names:tWpjF5etVB6yCtPd91M5fA==,Fee Summary,,,,
a4AAU000003QotQ2AS,Route_Names,es:Route_Names:AGMA768GPhcF3WFOoK6eiw==,Fees,,,,
a4AAU000003Qou72AC,Route_Names,es:Route_Names:MJkofGSzk7iI4jfvCXt4Eg==,Fees Summary,,,,
a4AAU000003Qouv2AC,Route_Names,es:Route_Names:og3cy7b4COxCzWYyPmxgYQ==,Finish,,,,
a4AAU000003QouY2AS,Route_Names,es:Route_Names:AyzdOJEsEL3ewzOVi8ua6w==,Forms Gen,,,,
a4AAU000003QowT2AS,Route_Names,es:Route_Names:HI0tlVm2stfzk4AehVEr4g==,Frequency Template Builder,,,,
a4AAU000003Qov82AC,Route_Names,es:Route_Names:MrkZ0Yz6yok4P2AA3MnAMQ==,Generate,,,,
a4AAU000003Qoub2AC,Route_Names,es:Route_Names:6sSSn5u5S5gD5fp4osPv1w==,Generate Credit Memo,,,,
a4AAU000003Qosd2AC,Route_Names,es:Route_Names:Ozsf9ZawymJ1LrG+DEuvCg==,Generate Documents,,,,
a4AAU000003QotK2AS,Route_Names,es:Route_Names:jbCOUHZkTOw15AONL6i/Vg==,Generate Forms,,,,
a4AAU000003QovO2AS,Route_Names,es:Route_Names:5xwCOv4178uC88T1+zHpsA==,Get Credit Report,,,,
a4AAU000003Qovy2AC,Route_Names,es:Route_Names:g0zTe+lnLrwubTRD6oZ5oA==,Guarantee,,Garantía,NC-014(route),MATCHED TO TWC ITEM
a4AAU000003Qowa2AC,Route_Names,es:Route_Names:LjRzkwnHgsfq3cbo8QajlQ==,Guarantee Demo,,,,
a4AAU000003QotB2AS,Route_Names,es:Route_Names:0UFwCn+sI6M5N7USJ/fuNg==,HMDA,,,,
a4AAU000003QosR2AS,Route_Names,es:Route_Names:A7tRtmgjoWk+UWNsCWP+0w==,HMDA Eligibility,,,,
a4AAU000003QosU2AS,Route_Names,es:Route_Names:pQpVMFpqszleGiSy6nacQA==,HVCRE,,,,
a4AAU000003Qow82AC,Route_Names,es:Route_Names:vntPEoIoes8Y5uGWpZn5UQ==,Handover Loans,,,,
a4AAU000003Qouk2AC,Route_Names,es:Route_Names:dDYbIoiP03aKy3xR10CMOw==,Import Rule,,,,
a4AAU000003QowE2AS,Route_Names,es:Route_Names:qCvg9VG4cIvAjrM82d7Qzw==,Information,,,,
a4AAU000003QosH2AS,Route_Names,es:Route_Names:8cnpr4C7UzYY9b3v4zN0fQ==,Insights,,,,
a4AAU000003Qous2AC,Route_Names,es:Route_Names:zB1vNiXE62cddrbr8/b1RA==,Know Your Customer,,,,
a4AAU000003Qosj2AC,Route_Names,es:Route_Names:2VHtsbmj7VnrerWyTvFenQ==,Layout Editor,,,,
a4AAU000003Qots2AC,Route_Names,es:Route_Names:mtgaj4pcemzp4bqbtHWTkQ==,Loan,,Contrato,PRD-003,MATCHED TO TWC ITEM
a4AAU000003Qotz2AC,Route_Names,es:Route_Names:XXvKuS3U9Z50R3CpO3N1Dg==,Loan Auto Decision Detail,,,,
a4AAU000003QotD2AS,Route_Names,es:Route_Names:MW+G36vwmIyK5m8a3I6gsQ==,Loan Compliance,,,,
a4AAU000003Qota2AC,Route_Names,es:Route_Names:TLmubFVJTeNkr2ny2tThEA==,Loan Covenants,,,,
a4AAU000003Qovt2AC,Route_Names,es:Route_Names:XsQebXW0JZd7OiQ8n7RpmQ==,Loan Dashboard,,,,
a4AAU000003Qot02AC,Route_Names,es:Route_Names:P3TaXm4C8SxSCOUMEUUm8Q==,Loan Details,,,,
a4AAU000003QotX2AS,Route_Names,es:Route_Names:WxHZnta5T41tOpI0QjDzhQ==,Loan Facilities,,,,
a4AAU000003Qovn2AC,Route_Names,es:Route_Names:N5R2ZQ65KXbApL8g4bHmdw==,Loan Information,,,,
a4AAU000003QouC2AS,Route_Names,es:Route_Names:yIHXldFmXekJon+yx6eOiw==,Loan Products,,,,
a4AAU00000429GF2AY,Route_Names,es:Route_Names:/Xu4LJyBYpDVilKUFBqbVg==,Loan Structuring,,,,
a4AAU000003QotS2AS,Route_Names,es:Route_Names:5W7+JEL4OAMiNagYZpoE8g==,Loan Team,,,,
a4AAU000003QovE2AS,Route_Names,es:Route_Names:ZOEJ+23enXEfG3y6bOLieQ==,Loans,,,,
a4AAU000003QovF2AS,Route_Names,es:Route_Names:zlv1UTeUWcHGHSogQGHEVQ==,Location,,,,
a4AAU000003Qosq2AC,Route_Names,es:Route_Names:IW+FKGx8M3rCqxbWmFssIQ==,Maintenance Configuration,,,,
a4AAU000003QouH2AS,Route_Names,es:Route_Names:3tzCdV3MWfkheCRjmpke7w==,Maintenance Request,,,,
a4AAU000003QotW2AS,Route_Names,es:Route_Names:APuIQU7Y2AIll4/Gmni5DA==,Manage Bill Points,,,,
a4AAU000003QowG2AS,Route_Names,es:Route_Names:oqPK1rloAAQuUx78qAfM7A==,Manage Budget,,,,
a4AAU000003Qovv2AC,Route_Names,es:Route_Names:4Gq5p+Um+czuuHbAEAWEVg==,Manage Budget L,,,,
a4AAU000003QosP2AS,Route_Names,es:Route_Names:ybogEJNKXkxHmwEtG6hbVg==,Manage Collateral,,,,
a4AAU000003Qovs2AC,Route_Names,es:Route_Names:3wlTOG0lPayjFQUt4Rk0Aw==,Manage Covenants,,,,
a4AAU000003Qotl2AC,Route_Names,es:Route_Names:4VJEHtmaK1cNn70CP+g9uA==,Manage Facilities,,,,
a4AAU000003QotR2AS,Route_Names,es:Route_Names:2A0ASRKjfVo1V/s+Rgdkcw==,Manage Fees,,,,
a4AAU000003QovX2AS,Route_Names,es:Route_Names:t3+55XrusLfPJWeY0YyCag==,Memo Details,,,,
a4AAU000003Qovl2AC,Route_Names,es:Route_Names:E6fyVSCgTWlo15sZXdqUrw==,Memos,,,,
a4AAU000003Qovf2AC,Route_Names,es:Route_Names:DANrhx48ZsFyT2j9AHxHGA==,Narrative,,,,
a4AAU000003QowC2AS,Route_Names,es:Route_Names:BcBbHFx/LlPUWm7OK7u8BQ==,New Deposit,,,,
a4AAU000003QouE2AS,Route_Names,es:Route_Names:4PiyD7tKBDOfZHJfp5WBBw==,New Deposit Product,,,,
a4AAU000003Qoum2AC,Route_Names,es:Route_Names:i1y7Yf/0yzJOURP5Hr3y7A==,New Entity Involvement,,,,
a4AAU000003Qoti2AC,Route_Names,es:Route_Names:YTwS5O6m/5J6Z8yqSh8b0Q==,New Facility,,,,
a4AAU000003QouS2AS,Route_Names,es:Route_Names:EEyhKhzRSSzhsrjqUMRemA==,New Limit/Sub/Takedown,,,,
a4AAU000003Qou42AC,Route_Names,es:Route_Names:UgYiXvCKm/Mps1nZh9yZTw==,New Loan,,,,
a4AAU000003QouF2AS,Route_Names,es:Route_Names:3uJYFxmnVhx5O844SUr+3A==,New Loan Product,,,,
a4AAU000003QouR2AS,Route_Names,es:Route_Names:G5IDN+p8DKPa23PApktppw==,Next Steps,,,,
a4AAU000003Qou02AC,Route_Names,es:Route_Names:lGG+2LcTdzGENpkOVxBnKQ==,Offers,,,,
a4AAU000003QovG2AS,Route_Names,es:Route_Names:agSEDFXIUA09TLUNGQzImQ==,Ongoing Servicing,,,,
a4AAU000003Qouc2AC,Route_Names,es:Route_Names:TfIYo6Uoe7O62rnc1vQQgA==,Opportunities,,,,
a4AAU000003QowA2AS,Route_Names,es:Route_Names:g3zijSw12hKQ9E/XFDA12g==,Origination,,,,
a4AAU000003QovH2AS,Route_Names,es:Route_Names:O/ag+s/+P9klob44a2qrhw==,Other Information,,,,
a4AAU000003QotZ2AS,Route_Names,es:Route_Names:O7LtlAB4YrXSDFI6MMM8JA==,Other Related Entities,,,,
a4AAU000003QouQ2AS,Route_Names,es:Route_Names:g+zS0YufyLf5K+5Net/jMw==,Others Involved,,,,
a4AAU000003QovI2AS,Route_Names,es:Route_Names:O4eCeaBNxH1gkyyylNliWQ==,Overview,,,,
a4AAU000003QovR2AS,Route_Names,es:Route_Names:zxjGrOIMgFmB58bchbUCGQ==,Overview Config,,,,
a4AAU000003Qouz2AC,Route_Names,es:Route_Names:tCwAY/MeQaWzgolimG4zwQ==,Ownership & Roles,,,,
a4AAU000003Qosn2AC,Route_Names,es:Route_Names:7DbuyyEnmL/IYHbxdZtYJA==,Participation,,,,
a4AAU000003Qoso2AC,Route_Names,es:Route_Names:rCLOE2zNMOp8vSDMoj0pJw==,Participation Details,,,,
a4AAU000003Qovq2AC,Route_Names,es:Route_Names:FF9i6Ym1Bhv8CTYfmj2SUw==,Participations,,,,
a4AAU000003QotG2AS,Route_Names,es:Route_Names:w18yAsc64rPZFsxz6hmlMA==,Payment Calculator,,,,
a4AAU000003Qot32AC,Route_Names,es:Route_Names:LRDm05YcWJHj9+QMYQtdqw==,Payment Structure,,,,
a4AAU000003QouO2AS,Route_Names,es:Route_Names:lSou/hvkIr1h7bBqO5MZiA==,Personal Info,,,,
a4AAU000003Qosh2AC,Route_Names,es:Route_Names:UFNA/Oizq4+ZFgvyrQXEXQ==,Portal Access,,,,
a4AAU000003Qosf2AC,Route_Names,es:Route_Names:ndmw4aPVtn7j/6VaY+MO/g==,Portal Dashboard,,,,
a4AAU000003Qow72AC,Route_Names,es:Route_Names:x6RgfjEjxSZP56NYG0Ei5A==,Post Approval Facilities,,,,
a4AAU000003Qow62AC,Route_Names,es:Route_Names:dAGU0ikvHxS4pVx4wkHgxw==,Pre-Approval Loans,,,,
a4AAU000003Qot12AC,Route_Names,es:Route_Names:4irCWwZrIBRz3nqnAO9dkg==,Pricing,,,,
a4AAU000003QowX2AS,Route_Names,es:Route_Names:6BbgtSpU7rqeGPjFUTOXdA==,Pricing Conditions,,Condiciones de precio,NC-011,MATCHED TO TWC ITEM
a4AAU000003QovW2AS,Route_Names,es:Route_Names:aObpd8VFGA+ZyMFzGdXHuA==,Pricing Options,,,,
a4AAU000003QouT2AS,Route_Names,es:Route_Names:vx/72uJA50VMtpkvBtr+Xg==,Pricing-Required Fields,,,,
a4AAU000003Qouo2AC,Route_Names,es:Route_Names:BUBooDh8qeUfRX39cXeYmw==,Primary Relationship,,,,
a4AAU000003QouA2AS,Route_Names,es:Route_Names:vprKB0no3/NjeWX3CaJV6A==,Pro Forma Templates,,,,
a4AAU000003Qoux2AC,Route_Names,es:Route_Names:uJANit9Zi2ZTu4wHG8SaHQ==,Product Details,,,,
a4AAU000003Qosg2AC,Route_Names,es:Route_Names:iqlcQRIxDpjdatORUOrKWg==,Product Explorer,,,,
a4AAU000003QosX2AS,Route_Names,es:Route_Names:kaeRuOSxXxAsHqriXawMTA==,Product Package,,,,
a4AAU000003QovZ2AS,Route_Names,es:Route_Names:ujIeJZ+RzJ2jDAXp3XwiNg==,Product Package Details,,,,
a4AAU000003QouB2AS,Route_Names,es:Route_Names:yMmctq46eR8+AxdvnQ17HA==,Product Packages,,,,
a4AAU000003QouW2AS,Route_Names,es:Route_Names:ieIh7ALp79dIDANNmyk/lw==,Product Summary,,,,
a4AAU000003Qoto2AC,Route_Names,es:Route_Names:+mG+OiQppEx9zhBPDdhS2w==,Proforma Pricing and Quantity,,,,
a4AAU000003Qotn2AC,Route_Names,es:Route_Names:XlZPPl/QK18j5cLiBlbAyw==,Proforma Product Selection,,,,
a4AAU000003Qotm2AC,Route_Names,es:Route_Names:uS237Q0BynTpaKftRzTfnQ==,Proforma Summary,,,,
a4AAU00000429GE2AY,Route_Names,es:Route_Names:qKMmIcmXYgmRRDkvvsEBng==,Project Roll-Up,,,,
a4AAU000003Qov22AC,Route_Names,es:Route_Names:bITRrLAX44DhiFOtiWaZSg==,Questionnaires,,,,
a4AAU000003Qove2AC,Route_Names,es:Route_Names:8Pss7YqgZUpfK6eQLYiD3w==,Quick Links,,,,
a4AAU000003Qovm2AC,Route_Names,es:Route_Names:MZgr4Hj0Gg3qgHtS61j2wQ==,Rate & Payment Structure,,,,
a4AAU000003Qot22AC,Route_Names,es:Route_Names:3f2OqR2p7UoShvC6trXi3g==,Rate Structure,,,,
a4AAU000003Qosm2AC,Route_Names,es:Route_Names:9thnmeFeqjEQGDE1/hXOYg==,Recalculate Loan,,,,
a4AAU000003QouJ2AS,Route_Names,es:Route_Names:/54lu/lNVNB8doLHT6/GUQ==,Record Translations,,,,
a4AAU000003Qot42AC,Route_Names,es:Route_Names:4sUcAmMzCJTMD0K4Qnsiog==,Referral,,,,
a4AAU000003QovJ2AS,Route_Names,es:Route_Names:FOrDI1Gq68nQtexC/pXjqw==,Referrals,,,,
a4AAU000003QosS2AS,Route_Names,es:Route_Names:dzmxsVNgKC1aG3VVAiICFg==,Reg O,,,,
a4AAU000003QosT2AS,Route_Names,es:Route_Names:X8YoDt9KrzaJFs2CL4i5zg==,Reg W,,,,
a4AAU000003Qott2AC,Route_Names,es:Route_Names:+8l3hq9L8w3FsHgJqVB5LA==,Relationship,,,,
a4AAU000003QowL2AS,Route_Names,es:Route_Names:cW8S4BGTZj2Dz0LicMTQLA==,Relationship Covenants,,,,
a4AAU000003Qouq2AC,Route_Names,es:Route_Names:01NRxSLl7zdi7MYRGEqJzg==,Relationship Search,,,,
a4AAU000003Qoup2AC,Route_Names,es:Route_Names:ICnJCknordcW/MMFGgwB/w==,Relationship Type,,,,
a4AAU000003Qov52AC,Route_Names,es:Route_Names:6pa+nnXY09aQrtrlBA7fLw==,Relationships,,,,
a4AAU000003QotJ2AS,Route_Names,es:Route_Names:tWUD9ev+Znd+3oQ978P0Yw==,Renew/Modify Loan,,,,
a4AAU000003Qovd2AC,Route_Names,es:Route_Names:6Pg+Ph5XgwB+5zrEmNSDrw==,Retail Configuration,,,,
a4AAU000003Qov92AC,Route_Names,es:Route_Names:RX3VUYT67beIWv1ACdcBYw==,Review,,,,
a4AAU000003Qose2AC,Route_Names,es:Route_Names:m2afhcuTeZAiE47btunp2A==,Review & Submit,,,,
a4AAU000003Qoth2AC,Route_Names,es:Route_Names:hQtcYWCep9JQYyPX3awUaA==,Review Detail,,,,
a4AAU000003Qotg2AC,Route_Names,es:Route_Names:NOgKeZ0UTP5K9GgV4QPwFw==,Reviews,,,,
a4AAU000003Qovo2AC,Route_Names,es:Route_Names:YDkju1TOV6SWV+MBv8OReg==,Risk Rating,,,,
a4AAU000003QovK2AS,Route_Names,es:Route_Names:wnOg1S0gx1oV2vmCogmuqg==,Risk Rating Reviews,,,,
a4AAU000003QosL2AS,Route_Names,es:Route_Names:K1yF6xD+esq5u7ODsrzGUQ==,Row Edit,,,,
a4AAU000003Qow52AC,Route_Names,es:Route_Names:rYnwRZhhDz7t50VN7Xt1JA==,Row Edit Booked,,,,
a4AAU000003Qow22AC,Route_Names,es:Route_Names:hiXd7G1CKayL/ZOyoBtX9g==,Row Edit Post Approval,,,,
a4AAU000003QowV2AS,Route_Names,es:Route_Names:uDf+hmt3Rwnz+un3a7aP0w==,Row Remove,,,,
a4AAU000003Qoui2AC,Route_Names,es:Route_Names:1SVx5S+Bx++KiW6hhZ08Nw==,Rule Engine,,,,
a4AAU000003QovT2AS,Route_Names,es:Route_Names:2VbUfY2MG7T8gxdUenh92g==,Rule Engine User Context,,,,
a4AAU000003QotM2AS,Route_Names,es:Route_Names:H9lfraq3sxnSYJ6upBO7Vg==,Run Auto-Decision,,,,
a4AAU000003QovL2AS,Route_Names,es:Route_Names:yMwBeQfSCQeA6PEuGrpIAQ==,Service Requests,,,,
a4AAU000003QowR2AS,Route_Names,es:Route_Names:CpkaBDjYRlpBoXhe0ooxig==,Servicing,,,,
a4AAU000003WaeY2AS,Route_Names,es:Route_Names:rSN2vuvs3PeEa6lz+hoAWw==,Setup,,,,
a4AAU000003Qovz2AC,Route_Names,es:Route_Names:nK/65c44rHxG/odkOv+klQ==,Short Term Extensions,,,,
a4AAU000003QovM2AS,Route_Names,es:Route_Names:YSxyyKdqMwUe+pKUsaJn+w==,Site Visits,,,,
a4AAU000003Qotr2AC,Route_Names,es:Route_Names:IIhh2K1yFzhH8XRyDPhsSQ==,Smart Checklist Configuration,,,,
a4AAU000003Qosa2AC,Route_Names,es:Route_Names:yrOONzoBSRJlLf9JN3KXtA==,Spreads,,,,
a4AAU000003QosY2AS,Route_Names,es:Route_Names:8g0ABHcSwDA8YPeQy1BOnw==,Spreads Configuration,,,,
a4AAU000003Qoun2AC,Route_Names,es:Route_Names:7FOoxPB7rtXYglByyJeZvg==,Status,,,,
a4AAU000003QotL2AS,Route_Names,es:Route_Names:W8PYHfGQGeKvlIJOopo1TA==,Submit For Approval,,,,
a4AAU000003Qoue2AC,Route_Names,es:Route_Names:1Q2FqGv6eKR47JJsIcSCiw==,Submit for Approval,,,,
a4AAU000003QowN2AS,Route_Names,es:Route_Names:+NwqIaZifa8E9YFMCGnceQ==,Submit to BSU,,,,
a4AAU000003Qouu2AC,Route_Names,es:Route_Names:KQYSGZhhwx0QNrGFtOabdQ==,Summary,,,,
a4AAU000003Qovh2AC,Route_Names,es:Route_Names:zpH3U+aHdb7koqrk7L6kxA==,Supplementary Details,,,,
a4AAU000003Qosv2AC,Route_Names,es:Route_Names:bM6FQ7NNjIrM00Ac45vXyw==,Syndications,,,,
a4AAU000003Qosp2AC,Route_Names,es:Route_Names:ltw1ChGk9H2GCseJxpgSHg==,Syndications Summary,,,,
a4AAU000003QovS2AS,Route_Names,es:Route_Names:XTr7a0QDQKBtMGR6fV6kIw==,System Properties,,,,
a4AAU000003Qovj2AC,Route_Names,es:Route_Names:MgexPyK/mFOE0k2XpciXvA==,TM Dashboard,,,,
a4AAU000003Qotf2AC,Route_Names,es:Route_Names:rISPoij0m6K4pfvXZZaBfQ==,Team,,,,
a4AAU000003QotT2AS,Route_Names,es:Route_Names:gZZEbXKTv+sojXwh42oYhg==,Team Members,,,,
a4AAU000003Qoua2AC,Route_Names,es:Route_Names:CJoe9A2At+wXPtiCKmBFyg==,Template Mapping,,,,
a4AAU000003QouU2AS,Route_Names,es:Route_Names:wyGY7ctR+7shoOc8TTQvOg==,Test Action Tab 1,,,,
a4AAU000003QouV2AS,Route_Names,es:Route_Names:G5+MabYVfT/sDTpZE8765g==,Test Pickist 1,,,,
a4AAU000003Qotx2AC,Route_Names,es:Route_Names:gqe9d2480GutfOjux6tTJg==,Third Parties,,,,
a4AAU000003Qou92AC,Route_Names,es:Route_Names:WL8yqXmcIcGu0LVE4fp7Sg==,Third Party Management,,,,
a4AAU000003QowH2AS,Route_Names,es:Route_Names:sxUvxu3vFIvWnrvIAM8HRQ==,Third Party Reports,,,,
a4AAU000003Qosu2AC,Route_Names,es:Route_Names:lianDfZGqQFO3j6+6vg9Kw==,Total Exposure,,,,
a4AAU000003Qosr2AC,Route_Names,es:Route_Names:oDlw4xKQFOx26gdykwi3oA==,Total Exposure Admin,,,,
a4AAU000003Qosl2AC,Route_Names,es:Route_Names:dNTBRDOhSmEQ9REUj2nR5Q==,Total Exposure Summary,,,,
a4AAU000003QovN2AS,Route_Names,es:Route_Names:IOloou9MvcW+peNNCx5zMw==,Treasury,,,,
a4AAU000003QouG2AS,Route_Names,es:Route_Names:ACtGpRj4lVlDfJ2K0TW8Jw==,Treasury / Ancillary Services,,,,
a4AAU000003QotV2AS,Route_Names,es:Route_Names:xIyfbPHCXUNTeREL/Ctvpg==,Treasury Configuration,,,,
a4AAU000003Qotu2AC,Route_Names,es:Route_Names:OhPyi0cxhmNxBhFDuC+YCQ==,Treasury Management,,,,
a4AAU000003QouX2AS,Route_Names,es:Route_Names:e23Fwc4YbD1clVTnurNXGQ==,Treasury Service Details,,,,
a4AAU000003Qotd2AC,Route_Names,es:Route_Names:V40dvhs7xFcrYCZ1MrGhdA==,Treasury Services,,,,
a4AAU000003Qosk2AC,Route_Names,es:Route_Names:ov4dAUslnVdd8Cxd8aIFGg==,Treasury Services Summary,,,,
a4AAU000003QovU2AS,Route_Names,es:Route_Names:fF70INAvUpAVdYQ+dVZe4A==,UI Builder Tool,,,,
a4AAU000003QovV2AS,Route_Names,es:Route_Names:DD97pFZcy7fI4GR2EQByTA==,UI Configuration Builder,,,,
a4AAU000003Qotw2AC,Route_Names,es:Route_Names:mksoKbI9DIIVfQX6uv4eig==,Underwriting,,,,
a4AAU000003QouP2AS,Route_Names,es:Route_Names:Urj/zhGf53soA08v3TXrXw==,Verification,,,,
a4AAU000003Qosb2AC,Route_Names,es:Route_Names:S6J2ORZ7Pcz8uxEBwnIvug==,Verifications,,,,
a4AAU000003Qosc2AC,Route_Names,es:Route_Names:H0jX1O0yX3roCybjjEP3kw==,Verifications Checklist,,,,
a4AAU000003QovP2AS,Route_Names,es:Route_Names:1CG09p8hY77wWAkStYdw2w==,Watchlist Report,,,,
a4AAU000003QouL2AS,Route_Names,es:Route_Names:wVcnmbuV2uFqLtm7Oi0CDw==,Your Business,,,,
a4AAU000003Qoul2AC,Route_Names,es:Route_Names:xsgD2HdPV/tu9nneDKPnbQ==,nCino Administration,,,,
a4AAU000003Qozq2AC,Screen_Names,es:Screen_Names:giOpmaj/2Xdmi5LKfYPEqA==,Account Covenants,,,,
a4AAU000003Qp0D2AS,Screen_Names,es:Screen_Names:576f6frV2HWOwdIEkbkg0w==,Account Debt,,,,
a4AAU000003Qp082AC,Screen_Names,es:Screen_Names:CtoKJybz1a+DR90bKVrI8w==,Account Docman Add New Placeholder Screen,,,,
a4AAU000003Qp052AC,Screen_Names,es:Screen_Names:XWtun71I85kOR8clHLhosg==,Account Docman Screen,,,,
a4AAU000003Qoyw2AC,Screen_Names,es:Screen_Names:147TU4MQj7bATBbQoRsg/g==,Activities,,,,
a4AAU000003QozZ2AS,Screen_Names,es:Screen_Names:xduZvIiRdN9OczCgbOkj2A==,Add Sub-Loan,,,,
a4AAU000003Qoxk2AC,Screen_Names,es:Screen_Names:BhCihcrBkmuVAHF9zSWUVg==,Additional Income,,,,
a4AAU000003Qoye2AC,Screen_Names,es:Screen_Names:mETm4IzpgoZJq1cT944eTA==,Adverse Action,,,,
a4AAU000003QoxT2AS,Screen_Names,es:Screen_Names:ELzfwIpcl167oLaPvdMURA==,Adverse Actions,,,,
a4AAU000003QoxJ2AS,Screen_Names,es:Screen_Names:oPY07K+gu/sR46N/qye/rw==,All Loan Facilities,,,,
a4AAU000003QoyW2AS,Screen_Names,es:Screen_Names:AeIOT5c08NxfjpRQwKj7Iw==,All Loans,,,,
a4AAU000003Qoxr2AC,Screen_Names,es:Screen_Names:Iz5IWuzEwRRXlJoVAEpWUA==,All Treasury Services,,,,
a4AAU000003QoyE2AS,Screen_Names,es:Screen_Names:MeQQlb+qFHmSOejZunrUOA==,Application Details,,,,
a4AAU000003QoyJ2AS,Screen_Names,es:Screen_Names:8bu1Zyxm0BqpkpxfMA28tQ==,Application Details-Retail,,,,
a4AAU000003Qp032AC,Screen_Names,es:Screen_Names:+Gw1uXwR+L0go2IREOb+ng==,Appraisal Fee Screen,,,,
a4AAU000003QozP2AS,Screen_Names,es:Screen_Names:Dq5rdQFolGGmSmOcsBKCYw==,Approved Details,,,,
a4AAU000003Qoyf2AC,Screen_Names,es:Screen_Names:dWr7o84Xp/E63fZoVsS93A==,Attorney Information,,,,
a4AAU000003Qoym2AC,Screen_Names,es:Screen_Names:uY2XEoZ8MwRUhc2I1+YvKg==,Attorney Information Approved,,,,
a4AAU000003Qoys2AC,Screen_Names,es:Screen_Names:z7qYId7qceC+v+5XDnrkcQ==,Authorized Users,,,,
a4AAU000003QoyT2AS,Screen_Names,es:Screen_Names:RVGAVYaPHjitezgMxunfSw==,Available One to Many Screen Sections,,,,
a4AAU000003Qoxo2AC,Screen_Names,es:Screen_Names:VIaXqj0At8A4n/CvhXt3dw==,Available Screen Sections,,,,
a4AAU000003Qozn2AC,Screen_Names,es:Screen_Names:xuj3Im6UoDwy2/XAnrUC9g==,BSU Team Member Assignment,,,,
a4AAU000003Qoy22AC,Screen_Names,es:Screen_Names:zZuy+vPlnfLKXOBQ5YUTpw==,Balance Details,,,,
a4AAU000003QozK2AS,Screen_Names,es:Screen_Names:eS8WWvlboKsU75hkGWGNWw==,Balance Details Booked,,,,
a4AAU000003QoyZ2AS,Screen_Names,es:Screen_Names:IkM7IwR3MTW5bWi3R8zHqA==,Beneficial Ownership Summary,,,,
a4AAU000003Qoyd2AC,Screen_Names,es:Screen_Names:vEvuE3AWa9SDMN0Tst5pnA==,Beneficiary,,,,
a4AAU000003Qoy32AC,Screen_Names,es:Screen_Names:yZ6AE2sTfcjc3JQCCsW5EQ==,Booked Details,,,,
a4AAU000003Qozd2AC,Screen_Names,es:Screen_Names:pCBpYbupz7bgtY35nkUbFA==,Booked Facilities,,,,
a4AAU000003QozQ2AS,Screen_Names,es:Screen_Names:7bCkfAO8vf/NB0jilQ26Nw==,Booked Information,,,,
a4AAU000003QozI2AS,Screen_Names,es:Screen_Names:4Wt035MS6joXGz3gqctZcw==,Booked Information Booked,,,,
a4AAU000003Qp0J2AS,Screen_Names,es:Screen_Names:0nJYkQDhD9UoRHI7qCpXCg==,Borrowing Structure,,,,
a4AAU000003Qoy42AC,Screen_Names,es:Screen_Names:cdlZK3Et9wzS3kGiwHRdBA==,Borrowing Structure Information,,,,
a4AAU000003QozS2AS,Screen_Names,es:Screen_Names:Lv/+9K+A5B1Rj2++z9+6hQ==,Budget Details,,,,
a4AAU000003QoxM2AS,Screen_Names,es:Screen_Names:jozT/ezQNLyzGmZgGPW2xw==,Bulk Edit,,,,
a4AAU000003Qp102AC,Screen_Names,es:Screen_Names:jZ4ijaU3pdma5Pm+J3vYIA==,Bulk Edit All Facilities,,,,
a4AAU000003Qoze2AC,Screen_Names,es:Screen_Names:9ztUn9FJgvNxZmW6AmEyWA==,Bulk Edit Booked,,,,
a4AAU000003Qozb2AC,Screen_Names,es:Screen_Names:Vj9RxqS14QAsm+wqTZG/yw==,Bulk Edit Post Approval,,,,
a4AAU000003QozY2AS,Screen_Names,es:Screen_Names:qQ50NFce9Oi7oc2/JH9m9w==,Bulk Edit Pre Approval,,,,
a4AAU000003Qozs2AC,Screen_Names,es:Screen_Names:CiyxLebyiYEmDqyuiF/K6Q==,Bulk Remove,,,,
a4AAU000003Qoyx2AC,Screen_Names,es:Screen_Names:kN2vNtS812ag+L0skkjVyg==,Business Contacts,,,,
a4AAU000003QoxH2AS,Screen_Names,es:Screen_Names:HVrT038jbJ7r2lR2kDc7ug==,Business Type,,,,
a4AAU000003Qoy52AC,Screen_Names,es:Screen_Names:/FMNu0fbYZVOvEdEmIE7+g==,CRA Screen,,,,
a4AAU000003Qoxu2AC,Screen_Names,es:Screen_Names:E+Y3/pYGKSkoa5EcFrPC3w==,Certifications,,,,
a4AAU000003QoxQ2AS,Screen_Names,es:Screen_Names:AwyYRt2lOzHTq0kCGYwYPA==,Change Memo,,,,
a4AAU000003Qp0L2AS,Screen_Names,es:Screen_Names:ZGxU7IoVKpsC3WOZJzXpOQ==,Change of Ownership,,,,
a4AAU000003Qozi2AC,Screen_Names,es:Screen_Names:HjE0f16FlLJcvM3D4wESTA==,Closing - Screen,,,,
a4AAU000003Qp0C2AS,Screen_Names,es:Screen_Names:ICiMtNKJWIUf+fdni22rPA==,Collateral,,,,
a4AAU000003Qozx2AC,Screen_Names,es:Screen_Names:pZCN8WSi+lznsquO5CCozw==,Collateral Creation Screen,,,,
a4AAU000003Qoxt2AC,Screen_Names,es:Screen_Names:UBbJN6KoS+YhpshWraU4dg==,Collateral Details,,,,
a4AAU000003Qoyy2AC,Screen_Names,es:Screen_Names:dXgkRpwLvz/3ZdpUuqsF4A==,Collateral Owned,,,,
a4AAU000003Qoyg2AC,Screen_Names,es:Screen_Names:aAvgXdoOSnQxupfj8J0UQQ==,Collateral Pledged,,,,
a4AAU000003Qp0g2AC,Screen_Names,es:Screen_Names:6ZxZ1oDf/ETff5seIT+ANg==,Collateral Value,,,,
a4AAU000003Qoxd2AC,Screen_Names,es:Screen_Names:FKrkGoPSZEN88Vc1UOcbLw==,Collateral-Debenture-Debenture,,,,
a4AAU000003Qp042AC,Screen_Names,es:Screen_Names:vJWUHbrzYOihyrX/oP+XSw==,Collateral-Default-PP,,,,
a4AAU000003QoxW2AS,Screen_Names,es:Screen_Names:wnR9Tumz7Myay5Q5kCF3Kw==,Collateral-Financials-Cash & Deposits,,,,
a4AAU000003Qoxg2AC,Screen_Names,es:Screen_Names:GDFzrxhiCQuKG/o/dj15kw==,Collateral-Floating Charge-Floating Charge,,,,
a4AAU000003Qoxa2AC,Screen_Names,es:Screen_Names:xBi3B4KylTFJUuKHseGrOQ==,Collateral-Guarantee-Company,,,,
a4AAU000003Qoxf2AC,Screen_Names,es:Screen_Names:MJ5iTnmDGE6cvRYxi52Zgw==,Collateral-Guarantee-Personal Guarantee,,,,
a4AAU000003Qoxc2AC,Screen_Names,es:Screen_Names:FjUTCuI0nnjEom9u+KooIw==,Collateral-Legal Charge-Freehold,,,,
a4AAU000003Qoxe2AC,Screen_Names,es:Screen_Names:NCZSaXMB4HcRkBMVy/Z6Ag==,Collateral-Moveable Asset-Vehicle,,,,
a4AAU000003Qp0l2AC,Screen_Names,es:Screen_Names:wC1pZeZukJ/tc4RpPHg27Q==,Collateral-Other-Government Contracts,,,,
a4AAU000003Qp0v2AC,Screen_Names,es:Screen_Names:H0MHcWOZxxC7T1BD5fhayg==,Collateral-Possessory-Letter of Credit,,,,
a4AAU000003Qp0w2AC,Screen_Names,es:Screen_Names:W6g6MAX4Fmx4/bzcfplXSw==,Collateral-Possessory-Life Insurance,,,,
a4AAU000003Qp0u2AC,Screen_Names,es:Screen_Names:KlO8biZJl7Eshk1E4OYxzw==,Collateral-Possessory-Note/Instrument,,,,
a4AAU000003Qp0x2AC,Screen_Names,es:Screen_Names:AcqzmKQDtl6tbLxyYqOXDQ==,Collateral-Possessory-Other Possessory,,,,
a4AAU000003Qp0s2AC,Screen_Names,es:Screen_Names:rxdtt5ngIJZN8/Y8MK72xw==,Collateral-Possessory-Savings/CDs,,,,
a4AAU000003Qp0t2AC,Screen_Names,es:Screen_Names:hmflsSDunXnwQeuPvV9c6Q==,Collateral-Possessory-Securities,,,,
a4AAU000003QoxA2AS,Screen_Names,es:Screen_Names:2BrNu7AhW/uyldu/qlG6Tw==,Collateral-Real Estate,,,,
a4AAU000003Qoxh2AC,Screen_Names,es:Screen_Names:ofo72I9x0OHf5NeqTRQKIQ==,Collateral-Standard Security-Heritable Title,,,,
a4AAU000003Qozz2AC,Screen_Names,es:Screen_Names:k/GRcNf1AsFAD7k3VfLeqw==,Collateral-Titled,,,,
a4AAU000003Qp0q2AC,Screen_Names,es:Screen_Names:WCrZl8xnLdfca6haQfhQUg==,Collateral-Titled-Aircraft,,,,
a4AAU000003Qp0n2AC,Screen_Names,es:Screen_Names:8sC+hf3fI5Uz/wg6EXrQmg==,Collateral-Titled-Mobile Home,,,,
a4AAU000003Qp0m2AC,Screen_Names,es:Screen_Names:1J+lEtPm/Vs0vJKnt5Hklw==,Collateral-Titled-Motor Vehicle,,,,
a4AAU000003Qp0o2AC,Screen_Names,es:Screen_Names:FCeQFcMgP42CxFiQDBP65A==,Collateral-Titled-Pleasure Boat,,,,
a4AAU000003Qp0p2AC,Screen_Names,es:Screen_Names:ndsx3EYs15s9k43OYznaqg==,Collateral-Titled-Ship,,,,
a4AAU000003Qp0r2AC,Screen_Names,es:Screen_Names:fejWMWGbYdtaQpqJyvaOhQ==,Collateral-Titled-Trailer,,,,
a4AAU000003Qp0y2AC,Screen_Names,es:Screen_Names:5Ubg+yRBs+sdyY9+rwqc+Q==,Collateral-Titled-Vessel,,,,
a4AAU000003Qp0k2AC,Screen_Names,es:Screen_Names:P75if/Uhfjv9ImhIp5jOtQ==,Collateral-UCC,,,,
a4AAU000003QoyF2AS,Screen_Names,es:Screen_Names:vJd4kqGcuSnhxPx23Ff/NA==,Collateral2,,,,
a4AAU000003Qoxl2AC,Screen_Names,es:Screen_Names:hBPGg7SyfMP029TJAynYug==,Comments,,,,
a4AAU000003Qoyh2AC,Screen_Names,es:Screen_Names:ilhzGU2aVjZYk1A6Dj2x8g==,Compliance Info,,,,
a4AAU000003Qp0N2AS,Screen_Names,es:Screen_Names:dJQb0AKvxUoT1vhnpZ+/Yw==,Conflict of Interest,,,,
a4AAU000003Qp0O2AS,Screen_Names,es:Screen_Names:YCZccwSLoEddMNMmgEznNg==,Construction Details,,,,
a4AAU000003Qoyi2AC,Screen_Names,es:Screen_Names:pa7rWIwBN8Ae1UZnvRybZg==,Construction Info,,,,
a4AAU000003Qp0P2AS,Screen_Names,es:Screen_Names:mqaY9gKx5WlIVc7nOmg0iA==,Contacts,,,,
a4AAU000003Qp1B2AS,Screen_Names,es:Screen_Names:zUlNdkSdXf4MCt+y80R3YQ==,Contracts,,,,
a4AAU000003Qoza2AC,Screen_Names,es:Screen_Names:e/6QokEJc7lIutoNYfc8xw==,Copy Loan,,,,
a4AAU000003Qoxw2AC,Screen_Names,es:Screen_Names:cfs2ns2iXz5D4Doi0vyyYQ==,Counterparty Report,,,,
a4AAU000003Qoxm2AC,Screen_Names,es:Screen_Names:4I6ZmJ3HpaQzdepvZqNJnw==,Counterparty Report Topbar,,,,
a4AAU000003Qoyz2AC,Screen_Names,es:Screen_Names:8TbadRswS7z41TNkDhQEeA==,Covenants,,,,
a4AAU000003QoyX2AS,Screen_Names,es:Screen_Names:DaYg9w17foaPr2/JkEWvkA==,Credit Actionable Loans,,,,
a4AAU000003QoxE2AS,Screen_Names,es:Screen_Names:Oz3wW8TE9xOaK4pCwGdjkw==,Credit Actions,,,,
a4AAU000003QozG2AS,Screen_Names,es:Screen_Names:EPTnRT44psJ0bZ2RcDotXA==,Credit Actions New Package Details,,,,
a4AAU000003Qozo2AC,Screen_Names,es:Screen_Names:z0B3dcm+W6/1F+1evU66Lw==,Decision History,,,,
a4AAU000003Qozy2AC,Screen_Names,es:Screen_Names:t6PeeHJXLe7S/16uodisTg==,Default Collateral Edit Screen,,,,
a4AAU000003QoxZ2AS,Screen_Names,es:Screen_Names:EAYSGkTugBJSEORcXGbQTw==,Default Loan Facility Creation Fields,,,,
a4AAU000003Qozv2AC,Screen_Names,es:Screen_Names:wxWPwXQJSmCKt3+A50VIFg==,Default Pledged Collateral Edit Screen,,,,
a4AAU000003Qoxb2AC,Screen_Names,es:Screen_Names:gx9DsptP91/HgQuj/9cR0A==,Default Pledged Leased Asset Edit Screen,,,,
a4AAU000003Qozw2AC,Screen_Names,es:Screen_Names:IkvY2tKcbxDRsOKv36tL9g==,Default_Collateral_Search,,,,
a4AAU000003Qoxi2AC,Screen_Names,es:Screen_Names:PdI5C8sMNMmEYTj2YoXoOg==,Deposit Income,,,,
a4AAU000003QoyL2AS,Screen_Names,es:Screen_Names:laH9TTd3NCOKkHisRck4sg==,Deposit Products,,,,
a4AAU000003Qoz02AC,Screen_Names,es:Screen_Names:sUtAlc/ak8gWhqyB3qTb7Q==,Deposits,,,,
a4AAU000003Qoyb2AC,Screen_Names,es:Screen_Names:PsNl3VM9237z0cERGGzocg==,Details,,,,
a4AAU000003Qoyc2AC,Screen_Names,es:Screen_Names:SJ+9hV+QTfIDKfjneZF5eg==,Details - EO,,,,
a4AAU000003QoxF2AS,Screen_Names,es:Screen_Names:t3Ibb4GYs02XYsLyCShdAQ==,Details- business EO,,,,
a4AAU000003Qp022AC,Screen_Names,es:Screen_Names:AnGgbTbEBPwQx2gIdGrbXQ==,Document Manager Bulk Update,,,,
a4AAU000003Qozj2AC,Screen_Names,es:Screen_Names:El8/WqHj4b5Ok3sa6wXqFg==,Documents - Screen,,,,
a4AAU000003QozV2AS,Screen_Names,es:Screen_Names:8f9WIRnNEZeuyYhCjJ8D7g==,Draw History Screen,,,,
a4AAU000003QozU2AS,Screen_Names,es:Screen_Names:yraCwQ/YkT3W0PoaUFyPsA==,Draw Overview Screen,,,,
a4AAU000003Wag92AC,Screen_Names,es:Screen_Names:TsQf+fGoWKRlsrB+MfnrrQ==,Dummy Screen,,,,
a4AAU000003QoxK2AS,Screen_Names,es:Screen_Names:9q/Haqob4/K8U9FKMSEaLw==,Dummy Screen- Enterprise Onboarding conditional rendering,,,,
a4AAU000003Qox92AC,Screen_Names,es:Screen_Names:VU8h1F86g21VqQmCtSiKwQ==,Editable Fields,,,,
a4AAU000003Qox72AC,Screen_Names,es:Screen_Names:KSN11mX3TJ8k/KUv2U8PSw==,Enhanced Fees Management,,,,
a4AAU000003Qoy72AC,Screen_Names,es:Screen_Names:2Qnpth8vQCHfFs75ZaKhNw==,Entity Compliance Screen,,,,
a4AAU000003Qp002AC,Screen_Names,es:Screen_Names:jNjDAiEa2n2234WvEw6HNQ==,Entity Involvement New Relationship,,,,
a4AAU000003Qoz22AC,Screen_Names,es:Screen_Names:3xDafF0fSlVQ1fQQy5SaXQ==,Exposure,,,,
a4AAU000003QoxO2AS,Screen_Names,es:Screen_Names:oibkbzflWvkCsvFgimrKBg==,Facilities,,,,
a4AAU000003QoxV2AS,Screen_Names,es:Screen_Names:pSzeCC2KLQebTJtAQY5zVQ==,Facility Information,,,,
a4AAU000003QoxG2AS,Screen_Names,es:Screen_Names:AGMA768GPhcF3WFOoK6eiw==,Fees,,,,
a4AAU000003QozN2AS,Screen_Names,es:Screen_Names:jitBx9dRotNoetn3jLctgw==,Fees Approved,,,,
a4AAU000003QoxR2AS,Screen_Names,es:Screen_Names:MJkofGSzk7iI4jfvCXt4Eg==,Fees Summary,,,,
a4AAU000003Qp0M2AS,Screen_Names,es:Screen_Names:g0zTe+lnLrwubTRD6oZ5oA==,Guarantee,,Garantía,NC-014(screen),MATCHED TO TWC ITEM
a4AAU000003Qoxs2AC,Screen_Names,es:Screen_Names:U7UvjIFuNI9LZhU0JMx6WA==,Guarantee Summary,,Resumen de garantías,NC-040(screen),MATCHED TO TWC ITEM
a4AAU000003Qozk2AC,Screen_Names,es:Screen_Names:Z0T8His+zfm4SVUTgQaAfA==,Guarantee2,,,,
a4AAU000003Qoy62AC,Screen_Names,es:Screen_Names:JobfHaRUfUZM7VP35ifvKQ==,HMDA Screen 1,,,,
a4AAU000003Qoyr2AC,Screen_Names,es:Screen_Names:uZW4znZ+2j+7dxkwn6j9TA==,HMDA Screen 2,,,,
a4AAU000003Qozh2AC,Screen_Names,es:Screen_Names:vntPEoIoes8Y5uGWpZn5UQ==,Handover Loans,,,,
a4AAU000003Qp172AC,Screen_Names,es:Screen_Names:qCvg9VG4cIvAjrM82d7Qzw==,Information,,,,
a4AAU000003Qp0R2AS,Screen_Names,es:Screen_Names:WXdTkSndUPage4ex5WlPsg==,Injections,,,,
a4AAU000003Qp122AC,Screen_Names,es:Screen_Names:Dbw7u5A2QPdzUrzY/+I+9w==,Key Dates,,,,
a4AAU000003Qp0h2AC,Screen_Names,es:Screen_Names:ehWxC6JpM5X5f7k9wfJQ+Q==,Key Dates - Editable,,,,
a4AAU000003Qp0j2AC,Screen_Names,es:Screen_Names:vs85evveYi6bGWwv0SrNXg==,Key Dates - Read Only,,,,
a4AAU000003Qoyn2AC,Screen_Names,es:Screen_Names:X8hu2WCgi+WUHIurVMVwWQ==,Key Dates Approved,,,,
a4AAU000003QozB2AS,Screen_Names,es:Screen_Names:5CQLbHY8oimP3pd6UzfJ8A==,Liens,,,,
a4AAU000003Qp0G2AS,Screen_Names,es:Screen_Names:9wsG9YJzDmOV1thWwWka5A==,Loan Application,,,,
a4AAU000003Qoy82AC,Screen_Names,es:Screen_Names:DN0p2uBcm5k0RmR8H5VwoA==,Loan Compliance Screen,,,,
a4AAU000003Qozr2AC,Screen_Names,es:Screen_Names:TLmubFVJTeNkr2ny2tThEA==,Loan Covenants,,,,
a4AAU000003Qp0H2AS,Screen_Names,es:Screen_Names:XsQebXW0JZd7OiQ8n7RpmQ==,Loan Dashboard,,,,
a4AAU000003QozR2AS,Screen_Names,es:Screen_Names:nXoScWIuOw4xsy3YTtA3PQ==,Loan Dashboard Summary Screen,,,,
a4AAU000003Qoxy2AC,Screen_Names,es:Screen_Names:P3TaXm4C8SxSCOUMEUUm8Q==,Loan Details,,,,
a4AAU000003QoyI2AS,Screen_Names,es:Screen_Names:mJhsKe9k62IjWNxoGWfgkA==,Loan Details-Retail,,,,
a4AAU000003Qp092AC,Screen_Names,es:Screen_Names:agzmZycK2xoeCsGsau1roA==,Loan Docman Add New Placeholder Screen,,,,
a4AAU000003Qp062AC,Screen_Names,es:Screen_Names:HoQc7kRhEtjqMCliOCCyiA==,Loan Docman Screen,,,,
a4AAU000003Qp0I2AS,Screen_Names,es:Screen_Names:N5R2ZQ65KXbApL8g4bHmdw==,Loan Information,,,,
a4AAU000003Qp0W2AS,Screen_Names,es:Screen_Names:qExqOEWNrnedYudrKsB5gg==,Loan Partner,,,,
a4AAU000003QoyK2AS,Screen_Names,es:Screen_Names:yIHXldFmXekJon+yx6eOiw==,Loan Products,,,,
a4AAU00000429Hp2AI,Screen_Names,es:Screen_Names:/Xu4LJyBYpDVilKUFBqbVg==,Loan Structuring,,,,
a4AAU000003QoxU2AS,Screen_Names,es:Screen_Names:+K6/BSaduuyW3gEQjtJGww==,Loan Team Member Information,,,,
a4AAU000003Qoz32AC,Screen_Names,es:Screen_Names:ZOEJ+23enXEfG3y6bOLieQ==,Loans,,,,
a4AAU000003QoyA2AS,Screen_Names,es:Screen_Names:APuIQU7Y2AIll4/Gmni5DA==,Manage Bill Points,,,,
a4AAU000003QozT2AS,Screen_Names,es:Screen_Names:9kScR2loKGlm23rgSKdEhw==,Manage Budget Screen,,,,
a4AAU000003QozD2AS,Screen_Names,es:Screen_Names:t3+55XrusLfPJWeY0YyCag==,Memo Details,,,,
a4AAU000003Qp0T2AS,Screen_Names,es:Screen_Names:E6fyVSCgTWlo15sZXdqUrw==,Memos,,,,
a4AAU000003QozM2AS,Screen_Names,es:Screen_Names:PdBBSk31v7jnQnjPY0VqFA==,Memos Booked,,,,
a4AAU000003Qp0U2AS,Screen_Names,es:Screen_Names:DANrhx48ZsFyT2j9AHxHGA==,Narrative,,,,
a4AAU000003QozH2AS,Screen_Names,es:Screen_Names:UHSfdzKJvDM4ZWKSeka1iw==,Narrative Booked,,,,
a4AAU000003Qp0V2AS,Screen_Names,es:Screen_Names:eAS2I9cL+AwyzLeoeVAI2Q==,Open Activities,,,,
a4AAU000003QoyY2AS,Screen_Names,es:Screen_Names:TfIYo6Uoe7O62rnc1vQQgA==,Opportunities,,,,
a4AAU000003Qoyt2AC,Screen_Names,es:Screen_Names:NxWYY2i4CzmEn8btoOiB2g==,Order Entry-Remote-Deposit,,,,
a4AAU000003Qoyu2AC,Screen_Names,es:Screen_Names:TFMZJr61kUduv7mpkk88QA==,Order Entry-Retail-Lockbox,,,,
a4AAU000003Qoyv2AC,Screen_Names,es:Screen_Names:nrd7fvEdUo2dOa1PIR9pBg==,Order Entry-Wire-Transfer,,,,
a4AAU000003QoxN2AS,Screen_Names,es:Screen_Names:5WAvlqdWyzCLOCvnXMV6CA==,Origination - Screen,,,,
a4AAU000003Qp112AC,Screen_Names,es:Screen_Names:j4MdIKZDOLealg5ScSQBgA==,Other Default Pledged Collateral Edit Screen,,,,
a4AAU000003Qoz42AC,Screen_Names,es:Screen_Names:O/ag+s/+P9klob44a2qrhw==,Other Information,,,,
a4AAU000003Qoz12AC,Screen_Names,es:Screen_Names:O4eCeaBNxH1gkyyylNliWQ==,Overview,,,,
a4AAU000003xFkT2AU,Screen_Names,es:Screen_Names:2pPwI0RQpZfw2hXQO/O7mA==,PC Editable Parent Screen,,,,
a4AAU000003xFkV2AU,Screen_Names,es:Screen_Names:HYvgbwbJhDDnek9yxxH8+A==,PC Readonly Parent Screen,,,,
a4AAU0000047tyL2AQ,Screen_Names,es:Screen_Names:Gh2qTElv0RyT78c7lLPgPw==,PC Readonly Parent Screen-Contract,,,,
a4AAU000003QozE2AS,Screen_Names,es:Screen_Names:g2hT21kjvUHmac0WGGbANA==,Package Details,,,,
a4AAU000003Qozl2AC,Screen_Names,es:Screen_Names:8/KAwUUyGROoxQB6OKemzg==,Package Details DLM,,,,
a4AAU000003Qoxv2AC,Screen_Names,es:Screen_Names:7DbuyyEnmL/IYHbxdZtYJA==,Participation,,,,
a4AAU000003QoxS2AS,Screen_Names,es:Screen_Names:FF9i6Ym1Bhv8CTYfmj2SUw==,Participations,,,,
a4AAU000003Qoy12AC,Screen_Names,es:Screen_Names:LRDm05YcWJHj9+QMYQtdqw==,Payment Structure,,,,
a4AAU000003xFkU2AU,Screen_Names,es:Screen_Names:o05KpBgs/SDssNpURYmbaw==,Placeholder Screen,,,,
a4AAU000003Qozg2AC,Screen_Names,es:Screen_Names:x6RgfjEjxSZP56NYG0Ei5A==,Post Approval Facilities,,,,
a4AAU000003Qp0i2AC,Screen_Names,es:Screen_Names:9vjlVtr8fpLSuAt1PbTMig==,Post Closing Review,,,,
a4AAU000003Qoyo2AC,Screen_Names,es:Screen_Names:p/ZQMRxbwSYGKdqHu/Hy+Q==,Post Closing Review Approved,,,,
a4AAU000003Qp0X2AS,Screen_Names,es:Screen_Names:iOH1YEjyLUUsO6g1UAY7aw==,Previous SBA Loan,,,,
a4AAU000003Qoxz2AC,Screen_Names,es:Screen_Names:4irCWwZrIBRz3nqnAO9dkg==,Pricing,,,,
a4AAU000003QozL2AS,Screen_Names,es:Screen_Names:++EDah6jS/SCZKvM53Dghw==,Pricing Approved,,,,
a4AAU000003Qp152AC,Screen_Names,es:Screen_Names:6BbgtSpU7rqeGPjFUTOXdA==,Pricing Conditions,,,,
a4AAU000003Qp162AC,Screen_Names,es:Screen_Names:wqmiqvollCUBshnLpWiiXw==,Pricing Conditions Confirming,,,,
a4AAU000003Qp192AC,Screen_Names,es:Screen_Names:aSF3aiZeau2a3ijfUm0xbg==,Pricing Conditions Confirming Receivable,,,,
a4AAU000003Qp142AC,Screen_Names,es:Screen_Names:y1to2vwOPuDxZcKLJLpVjg==,Pricing Conditions Factoring,,,,
a4AAU000003Qp182AC,Screen_Names,es:Screen_Names:vhgy6ebdro8O3O11OMKwFA==,Pricing Conditions Factoring Receivable,,,,
a4AAU000003Qp0B2AS,Screen_Names,es:Screen_Names:aObpd8VFGA+ZyMFzGdXHuA==,Pricing Options,,,,
a4AAU000003QoxD2AS,Screen_Names,es:Screen_Names:DKJG2bfw+i1/iQyOPD1btA==,Pricing Required Fields,,,,
a4AAU000003Qp0E2AS,Screen_Names,es:Screen_Names:R1n/rfneaIiI9qt84RKoMQ==,Primary Account,,,,
a4AAU000003Qozm2AC,Screen_Names,es:Screen_Names:enfRzwXkl9CPnKUSbyhq8w==,Product Package Collateral DLM,,,,
a4AAU000003QoyB2AS,Screen_Names,es:Screen_Names:J8HYSTBoCKq+WCUT0pxeZQ==,Product Package Collateral2,,,,
a4AAU000003QozF2AS,Screen_Names,es:Screen_Names:0cIwrIhJfDEDI83gdrzGYQ==,Product Package Entity,,,,
a4AAU000003Qoz52AC,Screen_Names,es:Screen_Names:yMmctq46eR8+AxdvnQ17HA==,Product Packages,,,,
a4AAU000003QoyU2AS,Screen_Names,es:Screen_Names:ieIh7ALp79dIDANNmyk/lw==,Product Summary,,,,
a4AAU000003QoyD2AS,Screen_Names,es:Screen_Names:/B0c7AUlsUp5pOk5LQ+abw==,Proforma Options,,,,
a4AAU000003Qp012AC,Screen_Names,es:Screen_Names:wh+ZkwysmB6akTlD1r0aJw==,Questionnaire Admin Screen Section Lookup Screen,,,,
a4AAU000003QoxI2AS,Screen_Names,es:Screen_Names:MZgr4Hj0Gg3qgHtS61j2wQ==,Rate & Payment Structure,,,,
a4AAU000003Qoy02AC,Screen_Names,es:Screen_Names:3f2OqR2p7UoShvC6trXi3g==,Rate Structure,,,,
a4AAU000003Qp1A2AS,Screen_Names,es:Screen_Names:y5xRxd6VpKWBqSFwxXRdHw==,Receivable Information,,,,
a4AAU000003Qp1C2AS,Screen_Names,es:Screen_Names:o6n/qsRG60y+a3PILKJXJg==,Receivables,,,,
a4AAU000003QoxL2AS,Screen_Names,es:Screen_Names:4sUcAmMzCJTMD0K4Qnsiog==,Referral,,,,
a4AAU000003Qoz62AC,Screen_Names,es:Screen_Names:FOrDI1Gq68nQtexC/pXjqw==,Referrals,,,,
a4AAU000003Qp0Y2AS,Screen_Names,es:Screen_Names:6pa+nnXY09aQrtrlBA7fLw==,Relationships,,,,
a4AAU000003QoxP2AS,Screen_Names,es:Screen_Names:YDkju1TOV6SWV+MBv8OReg==,Risk Rating,,,,
a4AAU000003Qoyj2AC,Screen_Names,es:Screen_Names:jieqRHRap/XZJ4Jc4KKPpg==,Risk Rating Review,,,,
a4AAU000003Qoz72AC,Screen_Names,es:Screen_Names:wnOg1S0gx1oV2vmCogmuqg==,Risk Rating Reviews,,,,
a4AAU000003Qp0Z2AS,Screen_Names,es:Screen_Names:oGMczNxPJ440FHVTsdO7dw==,Risk Ratings,,,,
a4AAU000003Qoxq2AC,Screen_Names,es:Screen_Names:K1yF6xD+esq5u7ODsrzGUQ==,Row Edit,,,,
a4AAU000003Qp0z2AC,Screen_Names,es:Screen_Names:RMiYueb1ufjqC803+R/kIA==,Row Edit All Loan Facilities,,,,
a4AAU000003Qozf2AC,Screen_Names,es:Screen_Names:rYnwRZhhDz7t50VN7Xt1JA==,Row Edit Booked,,,,
a4AAU000003Qozc2AC,Screen_Names,es:Screen_Names:hiXd7G1CKayL/ZOyoBtX9g==,Row Edit Post Approval,,,,
a4AAU000003QoxY2AS,Screen_Names,es:Screen_Names:uDf+hmt3Rwnz+un3a7aP0w==,Row Remove,,,,
a4AAU000003Qp0a2AC,Screen_Names,es:Screen_Names:RCyqw7wJoN/ztHmF2q0iVQ==,SBA Form 10,,,,
a4AAU000003Qp0F2AS,Screen_Names,es:Screen_Names:Mtc1Y7O8e8YA2oDwdKMhtw==,SBA Form 159,,,,
a4AAU000003Qp0b2AC,Screen_Names,es:Screen_Names:nSgy8OXBl1iuj81LTjvq8A==,SBA Form 1846,,,,
a4AAU000003Qp0c2AC,Screen_Names,es:Screen_Names:qog1slt/sethYqltRw6PMg==,SBA Form 1919,,,,
a4AAU000003Qp0K2AS,Screen_Names,es:Screen_Names:Tx9Y4G/3kayz9aLykIZP0Q==,SBA Form 1920,,,,
a4AAU000003Qp132AC,Screen_Names,es:Screen_Names:q6Pf/f/+ZGm634dxcRTDxw==,SBA Form 601,,,,
a4AAU000003Qp0Q2AS,Screen_Names,es:Screen_Names:ZNT3EyezpYMqnxc0PbdXMg==,SBA Form 652,,,,
a4AAU000003Qp0d2AC,Screen_Names,es:Screen_Names:etjF00jYqVfhMYt6CszdHg==,SBA Form 912,,,,
a4AAU000003Qp0S2AS,Screen_Names,es:Screen_Names:nfkS/lfp0rWvGkc3V8f1LQ==,SBA Form G845,,,,
a4AAU000003QoyR2AS,Screen_Names,es:Screen_Names:NoSH0rd5L3SdeiUP1CseUw==,SBL Business Info,,,,
a4AAU000003QoyQ2AS,Screen_Names,es:Screen_Names:pRCRCq6BqYQNDYkZ8cCYMw==,SBL Eligibility,,,,
a4AAU000003QoyO2AS,Screen_Names,es:Screen_Names:XEhogY2wdV2uoOXsGAE6Fg==,SBL Personal,,,,
a4AAU000003QoyS2AS,Screen_Names,es:Screen_Names:CueqHZIEgPwRx9WMEmJTNQ==,SBL Personal (Individual Other Involved),,,,
a4AAU000003Qozu2AC,Screen_Names,es:Screen_Names:uLLBq0g760JNkfpcYeRWhg==,Scenario Card,,,,
a4AAU000003Qoyk2AC,Screen_Names,es:Screen_Names:Huldc9xEZRjuEeVrLg0p3Q==,Secondary Market,,,,
a4AAU000003Qoyp2AC,Screen_Names,es:Screen_Names:Dpj8n6tFMaRceJpDZnIIRw==,Secondary Market Approved,,,,
a4AAU000003QoyN2AS,Screen_Names,es:Screen_Names:pL+p2xAzWmG9lLSV4BKsZA==,Secured SBL Business Info,,,,
a4AAU000003QoyM2AS,Screen_Names,es:Screen_Names://1EboTmsgWWaNr/xzLz4A==,Secured SBL Eligibility,,,,
a4AAU000003QoyP2AS,Screen_Names,es:Screen_Names:1qenyRbMWyEuZZ+bH96NTw==,Secured SBL Personal (Individual Other Involved),,,,
a4AAU000003Qoz82AC,Screen_Names,es:Screen_Names:yMwBeQfSCQeA6PEuGrpIAQ==,Service Requests,,,,
a4AAU000003Qozp2AC,Screen_Names,es:Screen_Names:68xrB00OdlC9180rjCOQSA==,Servicing - Screen,,,,
a4AAU000003QozX2AS,Screen_Names,es:Screen_Names:nK/65c44rHxG/odkOv+klQ==,Short Term Extensions,,,,
a4AAU000003Qoz92AC,Screen_Names,es:Screen_Names:YSxyyKdqMwUe+pKUsaJn+w==,Site Visits,,,,
a4AAU000003Qp0e2AC,Screen_Names,es:Screen_Names:M+Y/xxKg9hJNtHzy3gOf5A==,Stage History,,,,
a4AAU000003QoxX2AS,Screen_Names,es:Screen_Names:vYeGRZ7lCoVyaASPsu138A==,Standard Fees Screen,,,,
a4AAU000003Qoyl2AC,Screen_Names,es:Screen_Names:joY183T6exlEIVmFKiWGgg==,Structure Information,,,,
a4AAU000003Qoyq2AC,Screen_Names,es:Screen_Names:2YinMUrl3yZllMTnvxMCCQ==,Structure Information Approved,,,,
a4AAU000003Qoya2AC,Screen_Names,es:Screen_Names:1Q2FqGv6eKR47JJsIcSCiw==,Submit for Approval,,,,
a4AAU000003qJpw2AE,Screen_Names,es:Screen_Names:w0aMV2+i6cyCnDr4s10g7A==,Submit for Approval - Loan,,,,
a4AAU000003QozJ2AS,Screen_Names,es:Screen_Names:zpH3U+aHdb7koqrk7L6kxA==,Supplementary Details,,,,
a4AAU000003QoxC2AS,Screen_Names,es:Screen_Names:ltw1ChGk9H2GCseJxpgSHg==,Syndications Summary,,,,
a4AAU000003Qox82AC,Screen_Names,es:Screen_Names:XTr7a0QDQKBtMGR6fV6kIw==,System Properties,,,,
a4AAU000003Qoy92AC,Screen_Names,es:Screen_Names:gZZEbXKTv+sojXwh42oYhg==,Team Members,,,,
a4AAU000003QoyH2AS,Screen_Names,es:Screen_Names:WL8yqXmcIcGu0LVE4fp7Sg==,Third Party Management,,,,
a4AAU000003QozO2AS,Screen_Names,es:Screen_Names:sxUvxu3vFIvWnrvIAM8HRQ==,Third Party Reports,,,,
a4AAU000003Qoxx2AC,Screen_Names,es:Screen_Names:lianDfZGqQFO3j6+6vg9Kw==,Total Exposure,,,,
a4AAU000003QoxB2AS,Screen_Names,es:Screen_Names:eCboN7Fbdy99lnzxYwMgXw==,Total Exposure Screen,,,,
a4AAU000003QozA2AS,Screen_Names,es:Screen_Names:IOloou9MvcW+peNNCx5zMw==,Treasury,,,,
a4AAU000003Qoxj2AC,Screen_Names,es:Screen_Names:Koq2a1pzANLi35tKtZ8d3w==,Treasury Income,,,,
a4AAU000003QoyV2AS,Screen_Names,es:Screen_Names:e23Fwc4YbD1clVTnurNXGQ==,Treasury Service Details,,,,
a4AAU000003Qoxn2AC,Screen_Names,es:Screen_Names:JtpHvZGeRoIQ74qhFUxMsw==,Treasury Service Maintenance,,,,
a4AAU000003QozC2AS,Screen_Names,es:Screen_Names:DD97pFZcy7fI4GR2EQByTA==,UI Configuration Builder,,,,
a4AAU000003QoyG2AS,Screen_Names,es:Screen_Names:AiDNbAaQnC1dstTy71CNmg==,Underwriting Details,,,,
a4AAU000003Qp0A2AS,Screen_Names,es:Screen_Names:bMF6m0+qO59XwUFSKa91Mw==,Universal Docman Add New Placeholder Screen,,,,
a4AAU000003Qp072AC,Screen_Names,es:Screen_Names:a6Bi3uFHRfTaiR6qw54W2w==,Universal Docman Screen,,,,
a4AAU000003WagA2AS,Screen_Names,es:Screen_Names:y9dQwhkDzScx1egaYZbxLQ==,Universal Dummy Screen,,,,
a4AAU000003Qp0f2AC,Screen_Names,es:Screen_Names:j+T4gGtabg/Yv0C/fnrYQg==,Use of Proceeds,,,,
a4AAU000003Qozt2AC,Screen_Names,es:Screen_Names:tsImuut9SATJ59vvOmIeVg==,id-documents-screen,,,,
a4AAU000003Qoxp2AC,Screen_Names,es:Screen_Names:e8zBW27r9F7Wxa7dufpJFA==,nCino UI Configuration Builder,,,,
a4AAU000003QoyC2AS,Screen_Names,es:Screen_Names:CPZiZADA9hktQVFV/Us34A==,pp-tn-review-detail,,,,
a4AAU000003QpAH2A0,Section_Names,es:Section_Names:giOpmaj/2Xdmi5LKfYPEqA==,Account Covenants,,,,
a4AAU000003Qp842AC,Section_Names,es:Section_Names:576f6frV2HWOwdIEkbkg0w==,Account Debt,,,,
a4AAU000003Qp6J2AS,Section_Names,es:Section_Names:RA2EmQd6nnXpkoReSOlkxw==,Account Document Manager Bulk Update,,,,
a4AAU000003Qp6K2AS,Section_Names,es:Section_Names:J4/zXX4PKNLeuyiej6YRDQ==,Account Document Manager Bulk Update Summary,,,,
a4AAU000003Qp852AC,Section_Names,es:Section_Names:9XE+LOQxULrWHlLqLa643w==,Account Info,,,,
a4AAU000003Qp652AC,Section_Names,es:Section_Names:Nt71I8FsYIQzy15b6kg5oQ==,Account Proforma Options,,,,
a4AAU000003Qp5s2AC,Section_Names,es:Section_Names:JYw3fGj6XIA0Nae8arA4zg==,Action Taken,,,,
a4AAU000003Qp862AC,Section_Names,es:Section_Names:147TU4MQj7bATBbQoRsg/g==,Activities,,,,
a4AAU000003Qp6q2AC,Section_Names,es:Section_Names:5WcxmLjzlFrUx6Sz5al9dQ==,Add Analyzed Account,,,,
a4AAU000003Qp6W2AS,Section_Names,es:Section_Names:dfak+FotZC1P5BEy6vsFFA==,Add Asset,,,,
a4AAU000003Qp6p2AC,Section_Names,es:Section_Names:KkUal1ATYudbdBgT/mrQWg==,Add Authorized User,,,,
a4AAU000003Qp6V2AS,Section_Names,es:Section_Names:p0vC3l5IyLlo4U22+lbdPA==,Add Debt,,,,
a4AAU000003QpAU2A0,Section_Names,es:Section_Names:X9I6n0ZraHJOcjsYBQD8pw==,Add Fees Select Fee Type,,,,
a4AAU000003Qp6X2AS,Section_Names,es:Section_Names:cHTaIyhWyfEdPOeLcOrglg==,Add Income,,,,
a4AAU000003Qp5C2AS,Section_Names,es:Section_Names:m2vXv16561x2ZAjwIf+89w==,Add Non Standard Fee,,,,
a4AAU000003Qp9v2AC,Section_Names,es:Section_Names:xduZvIiRdN9OczCgbOkj2A==,Add Sub-Loan,,,,
a4AAU000003Qp6o2AC,Section_Names,es:Section_Names:A4BS+rYoOBomS6lPhYmYPw==,Add to Maintenance Order,,,,
a4AAU000003Qp9R2AS,Section_Names,es:Section_Names:mETm4IzpgoZJq1cT944eTA==,Adverse Action,,,,
a4AAU000003Qp5W2AS,Section_Names,es:Section_Names:ELzfwIpcl167oLaPvdMURA==,Adverse Actions,,,,
a4AAU000003Qp872AC,Section_Names,es:Section_Names:WQBYZJLF0RBdYQoTtJryHw==,Agent's Agreement and Certifications,,,,
a4AAU000003Qp9s2AC,Section_Names,es:Section_Names:oPY07K+gu/sR46N/qye/rw==,All Loan Facilities,,,,
a4AAU000003Qp7f2AC,Section_Names,es:Section_Names:CRrg3ZWeTROxjz8V6Oym4g==,All Loans Edit,,,,
a4AAU000003Qp7b2AC,Section_Names,es:Section_Names:C4aPMxydWMGNqxQwD4iJ2g==,All Loans View,,,,
a4AAU000003Qp9t2AC,Section_Names,es:Section_Names:Iz5IWuzEwRRXlJoVAEpWUA==,All Treasury Services,,,,
a4AAU000003Qp6n2AC,Section_Names,es:Section_Names:PxTrQoCdS0Tu3Uap6o0szA==,Analyzed Accounts,,,,
a4AAU000003Qp6R2AS,Section_Names,es:Section_Names:yazEI1cCY1SoUF+Lj3xm7Q==,Applicant Details,,,,
a4AAU000003Qp6P2AS,Section_Names,es:Section_Names:6FCuWPOlEmDrBl3dQPCw7A==,Applicants,,,,
a4AAU000003Qp6Q2AS,Section_Names,es:Section_Names:MeQQlb+qFHmSOejZunrUOA==,Application Details,,,,
a4AAU000003Qp882AC,Section_Names,es:Section_Names:jvlmTRD1yM0Qv80sPWKNMg==,Application Information,,,,
a4AAU000003Qp822AC,Section_Names,es:Section_Names:QDWt5Hb7x7XPNBSnaaKO/g==,Application or Loan Information,,,,
a4AAU000003Qp6j2AC,Section_Names,es:Section_Names:QbGsMMHlLJhC10/acJ0/ig==,Appraisal Fee Screen Section,,,,
a4AAU000003Qp9S2AS,Section_Names,es:Section_Names:Fry+gvH5OXdvyyveYlRfyg==,Approval Details,,,,
a4AAU000003Qp802AC,Section_Names,es:Section_Names:GJZQ8BrBgaIAXromYXttzA==,Approval History,,,,
a4AAU000003Qp722AC,Section_Names,es:Section_Names:TOkKEwD7jzL+SrQWg5ddDw==,Approval Information,,,,
a4AAU000003Qp6T2AS,Section_Names,es:Section_Names:4rDLnREE3R/CoujXmpoIuw==,Asset Schedule,,,,
a4AAU000003Qp9T2AS,Section_Names,es:Section_Names:aYF7o2ouZVxioxFF0TWthQ==,Attorney Info,,,,
a4AAU000003Qp9f2AC,Section_Names,es:Section_Names:+x9v6vPcvUlkc8VpV19QGA==,Attorney Info Approved,,,,
a4AAU000003Qp6b2AC,Section_Names,es:Section_Names:D6+QNOzbIYZQuL3P9P4uxg==,Authorized Signers,,,,
a4AAU000003Qp6m2AC,Section_Names,es:Section_Names:z7qYId7qceC+v+5XDnrkcQ==,Authorized Users,,,,
a4AAU000003Wahl2AC,Section_Names,es:Section_Names:Txv6DKbdPmvXlbKJBuC8jw==,Automated Spreading,,,,
a4AAU000003Waho2AC,Section_Names,es:Section_Names:CxGcJj3ryjDZg52D8z4ozQ==,Automated Spreading - Financial Statements,,,,
a4AAU000003Wahm2AC,Section_Names,es:Section_Names:emHBgk4q3izoBoeZjgSEmg==,Automated Spreading - Generic,,,,
a4AAU000003Wahn2AC,Section_Names,es:Section_Names:B+meOHUJJhqvL/xuZkp7Wg==,Automated Spreading - Universal,,,,
a4AAU000003Wahp2AC,Section_Names,es:Section_Names:ovHO/EogYN01HGKRL5QCXw==,Automated Spreading Collateral - Financial Statements,,,,
a4AAU000003QpAF2A0,Section_Names,es:Section_Names:Txxz5+WuS1EdYOXPtr+5Eg==,BSU Member Approval,,,,
a4AAU000003Qp5o2AC,Section_Names,es:Section_Names:zZuy+vPlnfLKXOBQ5YUTpw==,Balance Details,,,,
a4AAU000003Qp892AC,Section_Names,es:Section_Names:0KH42Z3khzf2GWtBo1PbOA==,Balance Information,,,,
a4AAU000003Qp7h2AC,Section_Names,es:Section_Names:IkM7IwR3MTW5bWi3R8zHqA==,Beneficial Ownership Summary,,,,
a4AAU000003Qp962AC,Section_Names,es:Section_Names:vEvuE3AWa9SDMN0Tst5pnA==,Beneficiary,,,,
a4AAU000003Qp5p2AC,Section_Names,es:Section_Names:yZ6AE2sTfcjc3JQCCsW5EQ==,Booked Details,,,,
a4AAU000003Qp9y2AC,Section_Names,es:Section_Names:pCBpYbupz7bgtY35nkUbFA==,Booked Facilities,,,,
a4AAU000003Qp8A2AS,Section_Names,es:Section_Names:7bCkfAO8vf/NB0jilQ26Nw==,Booked Information,,,,
a4AAU000003QpAC2A0,Section_Names,es:Section_Names:UdetqApSsS8hplAHORQp3g==,Booking Details,,,,
a4AAU000003Qp5q2AC,Section_Names,es:Section_Names:0nJYkQDhD9UoRHI7qCpXCg==,Borrowing Structure,,,,
a4AAU000003Qp9l2AC,Section_Names,es:Section_Names:Lv/+9K+A5B1Rj2++z9+6hQ==,Budget Details,,,,
a4AAU000003Qp752AC,Section_Names,es:Section_Names:nO1OM2CoDKS88wTI+vgtPQ==,Budget Summary,,,,
a4AAU000003Qp5P2AS,Section_Names,es:Section_Names:jozT/ezQNLyzGmZgGPW2xw==,Bulk Edit,,,,
a4AAU000003Qp9z2AC,Section_Names,es:Section_Names:9ztUn9FJgvNxZmW6AmEyWA==,Bulk Edit Booked,,,,
a4AAU000003Qp9w2AC,Section_Names,es:Section_Names:Vj9RxqS14QAsm+wqTZG/yw==,Bulk Edit Post Approval,,,,
a4AAU000003Qp5I2AS,Section_Names,es:Section_Names:Cf7N3hCL5ONqXN7lnUgNFQ==,Bulk Pledge Details,,,,
a4AAU000003QpAT2A0,Section_Names,es:Section_Names:CiyxLebyiYEmDqyuiF/K6Q==,Bulk Remove,,,,
a4AAU000003Qp8B2AS,Section_Names,es:Section_Names:1qzhRWWIqKT8LekQq4yYFA==,Business Acquisition,,,,
a4AAU000003Qp8C2AS,Section_Names,es:Section_Names:kN2vNtS812ag+L0skkjVyg==,Business Contacts,,,,
a4AAU000003Qp8D2AS,Section_Names,es:Section_Names:HVrT038jbJ7r2lR2kDc7ug==,Business Type,,,,
a4AAU000003Qp5f2AC,Section_Names,es:Section_Names:E+Y3/pYGKSkoa5EcFrPC3w==,Certifications,,,,
a4AAU000003Qp5T2AS,Section_Names,es:Section_Names:AwyYRt2lOzHTq0kCGYwYPA==,Change Memo,,,,
a4AAU000003Qp8E2AS,Section_Names,es:Section_Names:ZGxU7IoVKpsC3WOZJzXpOQ==,Change of Ownership,,,,
a4AAU000003Qp812AC,Section_Names,es:Section_Names:ICiMtNKJWIUf+fdni22rPA==,Collateral,,,,
a4AAU000003Qp6F2AS,Section_Names,es:Section_Names:e7f6FDJ15CDYWOxGMhBK8A==,Collateral Creation Screen Section,,,,
a4AAU000003Qp5e2AC,Section_Names,es:Section_Names:UBbJN6KoS+YhpshWraU4dg==,Collateral Details,,,,
a4AAU000003Qp8G2AS,Section_Names,es:Section_Names:dXgkRpwLvz/3ZdpUuqsF4A==,Collateral Owned,,,,
a4AAU000003Qp9U2AS,Section_Names,es:Section_Names:aAvgXdoOSnQxupfj8J0UQQ==,Collateral Pledged,,Garantías asignadas,COLL(section),MATCHED TO TWC ITEM
a4AAU000003Qp9r2AC,Section_Names,es:Section_Names:7H4lsOm6lNKuSyaj/YbjBA==,Collateral Schedule,,,,
a4AAU000003Qp6B2AS,Section_Names,es:Section_Names:EnEjei6LyAEXjEclUGFg2w==,Collateral Search Results,,,,
a4AAU000003Qp6A2AS,Section_Names,es:Section_Names:lK9qenYof286xa9csPnC9Q==,Collateral Valuation,,,,
a4AAU000003Qp9V2AS,Section_Names,es:Section_Names:6ZxZ1oDf/ETff5seIT+ANg==,Collateral Value,,,,
a4AAU000003Qp8H2AS,Section_Names,es:Section_Names:AMpuRV+Ehhh2zYtXs5IYUw==,Community Reinvestment Act (CRA) Reporting,,,,
a4AAU000003Qp9W2AS,Section_Names,es:Section_Names:ilhzGU2aVjZYk1A6Dj2x8g==,Compliance Info,,,,
a4AAU000003Qp8I2AS,Section_Names,es:Section_Names:dJQb0AKvxUoT1vhnpZ+/Yw==,Conflict of Interest,,,,
a4AAU000003Qp8J2AS,Section_Names,es:Section_Names:YCZccwSLoEddMNMmgEznNg==,Construction Details,,,,
a4AAU000003Qp9X2AS,Section_Names,es:Section_Names:pa7rWIwBN8Ae1UZnvRybZg==,Construction Info,,,,
a4AAU000003Qp8K2AS,Section_Names,es:Section_Names:mqaY9gKx5WlIVc7nOmg0iA==,Contacts,,,,
a4AAU000003Qp5Y2AS,Section_Names,es:Section_Names:w68k3Iw2wOuW05p/a39ruQ==,Contract Information,,,,
a4AAU000003QpAb2AK,Section_Names,es:Section_Names:zUlNdkSdXf4MCt+y80R3YQ==,Contracts,,,,
a4AAU000003Qp9u2AC,Section_Names,es:Section_Names:e/6QokEJc7lIutoNYfc8xw==,Copy Loan,,,,
a4AAU000003Qp6l2AC,Section_Names,es:Section_Names:cfs2ns2iXz5D4Doi0vyyYQ==,Counterparty Report,,,,
a4AAU000003QpAL2A0,Section_Names,es:Section_Names:clOcbYmEuLTUS2yFfCEqYQ==,Covenant Associate,,,,
a4AAU000003QpAN2A0,Section_Names,es:Section_Names:wsrHj91qW9JkeCRhjpGZXg==,Covenant Associated Loans,,,,
a4AAU000003QpAM2A0,Section_Names,es:Section_Names:tCYO0bj25wZU/tRAQ74rwA==,Covenant Compliance Table,,,,
a4AAU000003QpAI2A0,Section_Names,es:Section_Names:poOAF/lkPedN/McXK/9M2Q==,Covenant Create,,,,
a4AAU000003QpAJ2A0,Section_Names,es:Section_Names:K2+tHeFDwek1puLijlS3yg==,Covenant Details,,,,
a4AAU000003QpAK2A0,Section_Names,es:Section_Names:JnKjIGmEU9n4OqWMQM3sXw==,Covenant Edit,,,,
a4AAU000003QpAS2A0,Section_Names,es:Section_Names:0lteCurhUpLHEIjGGFep+A==,Covenant Edit Active,,,,
a4AAU000003Qp8L2AS,Section_Names,es:Section_Names:8TbadRswS7z41TNkDhQEeA==,Covenants,,,,
a4AAU000003Qp7e2AC,Section_Names,es:Section_Names:+qZMgCVPsKX175iUOjcteQ==,Credit Actions Edit,,,,
a4AAU000003Qp6s2AC,Section_Names,es:Section_Names:EPTnRT44psJ0bZ2RcDotXA==,Credit Actions New Package Details,,,,
a4AAU000003Qp7c2AC,Section_Names,es:Section_Names:Y0xxyqKZm4hD1G0srcjvdw==,Credit Actions View,,,,
a4AAU000003Qp5L2AS,Section_Names,es:Section_Names:0VS5C6ri/g+s3PDqHrIfbA==,Credit Actions Workflow View,,,,
a4AAU000003QpAD2A0,Section_Names,es:Section_Names:RCZpvNVlfhhIHUfA8mmZXA==,Deal Information,,,,
a4AAU000003Qp6S2AS,Section_Names,es:Section_Names:2gXtTjx7uVgXTAJPVcWvQg==,Debt Schedule,,,,
a4AAU000003QpAE2A0,Section_Names,es:Section_Names:z0B3dcm+W6/1F+1evU66Lw==,Decision History,,,,
a4AAU000003Qp6Z2AS,Section_Names,es:Section_Names:JYBtVxLBlZnc4k8awnkMrw==,Decision_Overview,,,,
a4AAU000003Qp782AC,Section_Names,es:Section_Names:EAYSGkTugBJSEORcXGbQTw==,Default Loan Facility Creation Fields,,,,
a4AAU000003Qp6i2AC,Section_Names,es:Section_Names:laH9TTd3NCOKkHisRck4sg==,Deposit Products,,,,
a4AAU000003Qp5g2AC,Section_Names,es:Section_Names:sUtAlc/ak8gWhqyB3qTb7Q==,Deposits,,,,
a4AAU000003Qp5N2AS,Section_Names,es:Section_Names:PsNl3VM9237z0cERGGzocg==,Details,,,,
a4AAU000003Qp7X2AS,Section_Names,es:Section_Names:m9q0mceXOIQ9EAbjtT2PLw==,Details  - Business EO Part 2 -Citizenship/Residency,,,,
a4AAU000003Qp942AC,Section_Names,es:Section_Names:BIbq96OS4NluZbyXHNL4uQ==,Details  - EO,,,,
a4AAU000003Qp7V2AS,Section_Names,es:Section_Names:GDYl7z/pBzqDwlabaJUVwg==,Details  - EO Part 2 -Citizenship/Residency,,,,
a4AAU000003Qp952AC,Section_Names,es:Section_Names:2GvGJLdHtmzApikXcX4CdA==,Details - biz connected,,,,
a4AAU000003Qp7W2AS,Section_Names,es:Section_Names:BeRtA0yhYI9LhuMMGdGpOw==,Details- business eo,,,,
a4AAU000003Qp7u2AC,Section_Names,es:Section_Names:kaLQF/Vn3AzOv8xOB6KZjQ==,Does Not Require Approval,,,,
a4AAU000003Qp772AC,Section_Names,es:Section_Names:xZzYAKkat8ZAtsZhHZW/BQ==,Draw History Summary,,,,
a4AAU000003Qp762AC,Section_Names,es:Section_Names:SXnz7VJqmoN0qB7B3lxaDw==,Draw Overview Summary,,,,
a4AAU000003Qp7U2AS,Section_Names,es:Section_Names:Zu+Zbg3de4XzxS9hh+j4Yg==,EO - Business Mailing Address Fields,,,,
a4AAU000003Qp7T2AS,Section_Names,es:Section_Names:UKIwAzqoBPK14sffvYGnvQ==,EO - Mailing Address Fields,,,,
a4AAU000003Qp7S2AS,Section_Names,es:Section_Names:d9hVzFXA+t3RZzrD10sZLw==,EO - Permanent Resident Details,,,,
a4AAU000003Qp7Y2AS,Section_Names,es:Section_Names:WWJySLTWEKm6xvHw/NKWDw==,EO - business Mailing Address Fields,,,,
a4AAU000003Qp7Z2AS,Section_Names,es:Section_Names:MAv6URFf0xdvGtTYgxt7oQ==,EO-Connected-Biz Mailing Address Fields,,,,
a4AAU000003Qp8N2AS,Section_Names,es:Section_Names:LvF5pPpw1YukmnG7Es0S/g==,EPCOC,,,,
a4AAU000003Qp9Y2AS,Section_Names,es:Section_Names:LAnnmL+MWoLSETMcgok6Dw==,Editable,,,,
a4AAU000003Qp5G2AS,Section_Names,es:Section_Names:VU8h1F86g21VqQmCtSiKwQ==,Editable Fields,,,,
a4AAU000003Qp8M2AS,Section_Names,es:Section_Names:sTOHk+T7rsTb3AiiFRCMng==,Eligibility,,,,
a4AAU000003Qp5D2AS,Section_Names,es:Section_Names:YCmAcMcsT/KKhnay+zbsBg==,Enhanced Fee Loan Aggregate Summary,,,,
a4AAU000003Qp5B2AS,Section_Names,es:Section_Names:KSN11mX3TJ8k/KUv2U8PSw==,Enhanced Fees Management,,,,
a4AAU000003Qp5w2AC,Section_Names,es:Section_Names:UN0LuxmVMsVcLG4jNPkQMA==,Entity Compliance,,,,
a4AAU000003Qp6H2AS,Section_Names,es:Section_Names:KoiqCVUX8lIUexdereTN6w==,Entity Involvement New Business,,,,
a4AAU000003Qp6G2AS,Section_Names,es:Section_Names:YKskm6lULDahg1mWT/5kmQ==,Entity Involvement New Individual,,,,
a4AAU000003Qp7a2AC,Section_Names,es:Section_Names:wwobDJ4VCy/hM/H0vewDrA==,Eo-BO Connection,,,,
a4AAU000003Qp7z2AC,Section_Names,es:Section_Names:h/n3NaHTZ5POrs1ORxJLYw==,Events,,,,
a4AAU000003Qp8O2AS,Section_Names,es:Section_Names:mt8npiP1OUmZZ7UgmudGMA==,Execution Date,,,,
a4AAU000003Qp6y2AC,Section_Names,es:Section_Names:2/9AYsRAJWrMTQTg+hZesA==,Expand Debt Product Package,,,,
a4AAU000003Qp6g2AC,Section_Names,es:Section_Names:qDRal3JJhrJMMWiqMsSw8A==,Expand Debt Relationship,,,,
a4AAU000003Qp6x2AC,Section_Names,es:Section_Names:TPjGqrAeyFNuV7G6wJ8siQ==,Expand Loan Product Package,,,,
a4AAU000003Qp6f2AC,Section_Names,es:Section_Names:xh0gnjGuVPQF8aYdQAupvQ==,Expand Loan Relationship,,,,
a4AAU000003Qp7x2AC,Section_Names,es:Section_Names:3xDafF0fSlVQ1fQQy5SaXQ==,Exposure,,,,
a4AAU000003Qp6e2AC,Section_Names,es:Section_Names:Z/f6STuY3H2RZ6R3yPn4tQ==,Exposure Exclusion Disable,,,,
a4AAU000003Qp6d2AC,Section_Names,es:Section_Names:LBvIdg/gnXsSAvr8G10Uig==,Exposure Exclusion Enable,,,,
a4AAU000003Qp5R2AS,Section_Names,es:Section_Names:oibkbzflWvkCsvFgimrKBg==,Facilities,,,,
a4AAU000003Qp5O2AS,Section_Names,es:Section_Names:AGMA768GPhcF3WFOoK6eiw==,Fees,,,,
a4AAU000003Qp9g2AC,Section_Names,es:Section_Names:jitBx9dRotNoetn3jLctgw==,Fees Approved,,,,
a4AAU000003Qp5z2AC,Section_Names,es:Section_Names:MJkofGSzk7iI4jfvCXt4Eg==,Fees Summary,,,,
a4AAU000003QpAV2A0,Section_Names,es:Section_Names:1Csrt6wX/DSgmZCcCi8d6Q==,Funds,,,,
a4AAU000003Qp8F2AS,Section_Names,es:Section_Names:g0zTe+lnLrwubTRD6oZ5oA==,Guarantee,,Garantía,NC-014/NC-039,MATCHED TO TWC ITEM
a4AAU000003Qp5d2AC,Section_Names,es:Section_Names:U7UvjIFuNI9LZhU0JMx6WA==,Guarantee Summary,,Resumen de garantías,NC-040(section),MATCHED TO TWC ITEM
a4AAU000003Qp5v2AC,Section_Names,es:Section_Names:0UFwCn+sI6M5N7USJ/fuNg==,HMDA,,,,
a4AAU000003Qp8P2AS,Section_Names,es:Section_Names:LyV6r7NHz1ifEg1+gyORDw==,HMDA Applicants,,,,
a4AAU000003Qp8Q2AS,Section_Names,es:Section_Names:QtUBcm4t2GQRBDsNJeVlTw==,HMDA Loan Information,,,,
a4AAU000003QpA72AK,Section_Names,es:Section_Names:vntPEoIoes8Y5uGWpZn5UQ==,Handover Loans,,,,
a4AAU000003Qp5F2AS,Section_Names,es:Section_Names:SMUYn3D9cBflsGKBaZZLtw==,Id_Document_AlienRegistrationCard,,,,
a4AAU000003Qp972AC,Section_Names,es:Section_Names:ZLmkeggJ0iv/j9Sb4ImYog==,Id_Document_ArticlesOfInc,,,,
a4AAU000003Qp982AC,Section_Names,es:Section_Names:58ES0fFSaIXY4SKUOb1hWg==,Id_Document_ArticlesOfOrg,,,,
a4AAU000003Qp992AC,Section_Names,es:Section_Names:v0iZtnDdY7lo5C7uaM6qIw==,Id_Document_BusinessLicense,,,,
a4AAU000003Qp9A2AS,Section_Names,es:Section_Names:bR30ZZl/DF2zKlHftHRqZQ==,Id_Document_CertOfExistence,,,,
a4AAU000003Qp9B2AS,Section_Names,es:Section_Names:CochiSqGXW6illY81v8NMw==,Id_Document_CertOfPartnership,,,,
a4AAU000003QpAP2A0,Section_Names,es:Section_Names:m5drZnyBgRpvVRZYerBHtQ==,Id_Document_CertificateOfTrust,,,,
a4AAU000003Qp9C2AS,Section_Names,es:Section_Names:lqzLQzZObQ9q7Hhpyjzo7w==,Id_Document_CourtOrderEstate,,,,
a4AAU000003Qp9D2AS,Section_Names,es:Section_Names:pVXbwBJXeNAr7pn9gdGVRA==,Id_Document_DBARegistration,,,,
a4AAU000003Qp9E2AS,Section_Names,es:Section_Names:ekBhQYThgn+SlqpeH/Lfsw==,Id_Document_Drivers_License,,,,
a4AAU000003QpAQ2A0,Section_Names,es:Section_Names:y8k31jYyjEXBhW1ykjGXBg==,Id_Document_FullTrust,,,,
a4AAU000003Qp9F2AS,Section_Names,es:Section_Names:e9fNeoweK27wwkslIwtDpA==,Id_Document_Matricular_Consular,,,,
a4AAU000003Qp9G2AS,Section_Names,es:Section_Names:C6LZFUxOP/U6uLaRvfiv+Q==,Id_Document_PartnershipAgreement,,,,
a4AAU000003Qp9H2AS,Section_Names,es:Section_Names:NVFkzxxjFvNDAqUTkgE/NQ==,Id_Document_Passport,,,,
a4AAU000003QpAR2A0,Section_Names,es:Section_Names:jvA2lpIhGBd1On74oYIbmA==,Id_Document_ProbateCertificate,,,,
a4AAU000003Qp9I2AS,Section_Names,es:Section_Names:zpL/Zc9n6Trjqlll0mCJgg==,Id_Document_RegOfPartnership,,,,
a4AAU000003Qp9J2AS,Section_Names,es:Section_Names:81xwMWFUmvRl8MD7SvVVnQ==,Id_Document_SecOfStateGoodStand,,,,
a4AAU000003Qp9K2AS,Section_Names,es:Section_Names:XaBX23jIV6ehMndhH5o+rg==,Id_Document_State_Id,,,,
a4AAU000003Qp9L2AS,Section_Names,es:Section_Names:cIgPPoaCxEx1tcP//DCQlg==,Id_Document_TaxExemptStatus,,,,
a4AAU000003Qp9M2AS,Section_Names,es:Section_Names:KdsOJ8r89UVKUvQQRipcOQ==,Id_Document_TrustAgreement,,,,
a4AAU000003Qp9N2AS,Section_Names,es:Section_Names:8574wRi7KAjvX4YZkzhKfA==,Id_Document_USMilitaryID,,,,
a4AAU000003Qp9O2AS,Section_Names,es:Section_Names:WWuyCvlImDN6P0tBjjmc7A==,Id_Document_USPermanentResidenceCard,,,,
a4AAU000003Qp9P2AS,Section_Names,es:Section_Names:D25W1glp1s4+dZZJ6s2/1g==,Id_Document_USTemporaryResidenceCard,,,,
a4AAU000003Qp9Q2AS,Section_Names,es:Section_Names:WhrVbseaxon/nqcgF90p3w==,Id_Document_USVisa,,,,
a4AAU000003Qp6U2AS,Section_Names,es:Section_Names:n2CoH0eApy+oJf8c1Cg7LA==,Income Schedule,,,,
a4AAU000003Qp5U2AS,Section_Names,es:Section_Names:qCvg9VG4cIvAjrM82d7Qzw==,Information,,,,
a4AAU000003Qp8R2AS,Section_Names,es:Section_Names:WXdTkSndUPage4ex5WlPsg==,Injections,,,,
a4AAU000003QpAW2A0,Section_Names,es:Section_Names:xwlS5Ks4BsBJc3zX0riJaw==,Interests,,,,
a4AAU000003Qp8S2AS,Section_Names,es:Section_Names:naR2N9eusB3v/sVPlPuKkQ==,Lender's Agreement and Certifications,,,,
a4AAU000003Qp7i2AC,Section_Names,es:Section_Names:lSQRcpznzHFUfSZ+DbJ0XQ==,Level 1 Approval,,,,
a4AAU000003Qp7j2AC,Section_Names,es:Section_Names:VYSiZH/D9tTzk/6q1dSOmQ==,Level 2 Approval,,,,
a4AAU000003Qp7k2AC,Section_Names,es:Section_Names:4f7icFzMAFULTH1g5hE3sA==,Level 3 Approval,,,,
a4AAU000003Qp8T2AS,Section_Names,es:Section_Names:5CQLbHY8oimP3pd6UzfJ8A==,Liens,,,,
a4AAU000003Qp632AC,Section_Names,es:Section_Names:IdzKRbgT0wa9h73tTyRNyw==,Loan Compliance Exposure Section,,,,
a4AAU000003Qp622AC,Section_Names,es:Section_Names:TKyymFkh6GyQhmTk8gn90A==,Loan Compliance Information Section,,,,
a4AAU000003Qp5x2AC,Section_Names,es:Section_Names:R/7vaGrYvFCY+3vvi3/aOA==,Loan Compliances (HMDA Effective-2017),,,,
a4AAU000003Qp5y2AC,Section_Names,es:Section_Names:B1Mup1Z+ljWax2tnbrQNfw==,Loan Compliances (HMDA Effective-2018),,,,
a4AAU000003QpAO2A0,Section_Names,es:Section_Names:TLmubFVJTeNkr2ny2tThEA==,Loan Covenants,,,,
a4AAU000003Qp5k2AC,Section_Names,es:Section_Names:P3TaXm4C8SxSCOUMEUUm8Q==,Loan Details,,,,
a4AAU000003Qp9h2AC,Section_Names,es:Section_Names:dw92rItmxjRHJBtg53cASg==,Loan Details Approved,,,,
a4AAU000003Qp6L2AS,Section_Names,es:Section_Names:F9T7GJ0GUFCIHmMPAO242Q==,Loan Document Manager Bulk Update,,,,
a4AAU000003Qp6M2AS,Section_Names,es:Section_Names:QklQMBBXbNMgOOQzypXzbg==,Loan Document Manager Bulk Update Summary,,,,
a4AAU000003Qp5r2AC,Section_Names,es:Section_Names:N5R2ZQ65KXbApL8g4bHmdw==,Loan Information,,,,
a4AAU00000429L32AI,Section_Names,es:Section_Names:vLpGmGMPxBBjR9k23fYX/Q==,Loan Information from Details,,,,
a4AAU000003Qp832AC,Section_Names,es:Section_Names:lF+KWPAddgqdtETO9WmmHQ==,Loan Lifecycle,,,,
a4AAU000003Qp8U2AS,Section_Names,es:Section_Names:lGaLK/g/OOBHMQuyZBWesw==,Loan Officer Details,,,,
a4AAU000003Qp8V2AS,Section_Names,es:Section_Names:6+9MUTBJQfK2beB7c6RSDg==,Loan Packager Information,,,,
a4AAU000003Qp6h2AC,Section_Names,es:Section_Names:yIHXldFmXekJon+yx6eOiw==,Loan Products,,,,
a4AAU000003Qp5X2AS,Section_Names,es:Section_Names:dSjtAOf3oTIqkbrc/kBn+g==,Loan Team Members,,,,
a4AAU000003Qp8W2AS,Section_Names,es:Section_Names:ZOEJ+23enXEfG3y6bOLieQ==,Loans,,,,
a4AAU000003Qp612AC,Section_Names,es:Section_Names:APuIQU7Y2AIll4/Gmni5DA==,Manage Bill Points,,,,
a4AAU000003Qp7s2AC,Section_Names,es:Section_Names:t3+55XrusLfPJWeY0YyCag==,Memo Details,,,,
a4AAU000003Qp8X2AS,Section_Names,es:Section_Names:E6fyVSCgTWlo15sZXdqUrw==,Memos,,,,
a4AAU000003Qp7v2AC,Section_Names,es:Section_Names:VI9ohrJyAQONsDdIeP+ayA==,Modification Description,,,,
a4AAU000003Qp8Y2AS,Section_Names,es:Section_Names:DANrhx48ZsFyT2j9AHxHGA==,Narrative,,,,
a4AAU000003Qp8Z2AS,Section_Names,es:Section_Names:agSEDFXIUA09TLUNGQzImQ==,Ongoing Servicing,,,,
a4AAU000003Qp7g2AC,Section_Names,es:Section_Names:TfIYo6Uoe7O62rnc1vQQgA==,Opportunities,,,,
a4AAU000003Qp8a2AC,Section_Names,es:Section_Names:NxWYY2i4CzmEn8btoOiB2g==,Order Entry-Remote-Deposit,,,,
a4AAU000003Qp8b2AC,Section_Names,es:Section_Names:TFMZJr61kUduv7mpkk88QA==,Order Entry-Retail-Lockbox,,,,
a4AAU000003Qp8c2AC,Section_Names,es:Section_Names:nrd7fvEdUo2dOa1PIR9pBg==,Order Entry-Wire-Transfer,,,,
a4AAU000003Qp5u2AC,Section_Names,es:Section_Names:YxGuF8HuUrNuaKr0rQZjhw==,Other,,,,
a4AAU000003Qp8d2AC,Section_Names,es:Section_Names:O/ag+s/+P9klob44a2qrhw==,Other Information,,,,
a4AAU000003Qp8e2AC,Section_Names,es:Section_Names:O4eCeaBNxH1gkyyylNliWQ==,Overview,,,,
a4AAU000003xFmA2AU,Section_Names,es:Section_Names:hwCghusWHEVK3bkpjjm0Mw==,PC 2 Factoring Section,,,,
a4AAU000003xFmB2AU,Section_Names,es:Section_Names:RFJ5nFyQB8Ns9A/Fa4+Xmw==,PC 2 Reverse Factoring Section,,,,
a4AAU000003xFm72AE,Section_Names,es:Section_Names:bJNT3fNByD8v4rau/l0uSQ==,PC 3 Contract Interest Section,,,,
a4AAU000003xFm62AE,Section_Names,es:Section_Names:zSvj9obhlZBM1LJmGD4gTw==,PC 4 Contract Fee Section,,,,
a4AAU000003xFm92AE,Section_Names,es:Section_Names:IREXgFIp64LL8V5TMhtQgw==,PC 5 Contract Fixed Section,,,,
a4AAU000003xFm82AE,Section_Names,es:Section_Names:kKcdkzC1misMuj+oBtPJBg==,PC 6 Contract Tiered Section,,,,
a4AAU000003Qp7w2AC,Section_Names,es:Section_Names:GjFeMvpKQR6mouqL2MzGIg==,Package Information,,,,
a4AAU000003Qp6k2AC,Section_Names,es:Section_Names:7DbuyyEnmL/IYHbxdZtYJA==,Participation,,,,
a4AAU000003Qp5V2AS,Section_Names,es:Section_Names:FF9i6Ym1Bhv8CTYfmj2SUw==,Participations,,,,
a4AAU000003Qp8f2AC,Section_Names,es:Section_Names:bwQa9Dvoehlb0/B1ki80Sg==,Partner,,,,
a4AAU000003Qp5n2AC,Section_Names,es:Section_Names:LRDm05YcWJHj9+QMYQtdqw==,Payment Structure,,,,
a4AAU000003Qp712AC,Section_Names,es:Section_Names:if65SAxNBqSeEH0MZveEYQ==,Payment Structure Details,,,,
a4AAU000003Qp9q2AC,Section_Names,es:Section_Names:GbMWFd83CuL/qZdfpzDm9w==,Payment Structure Table,,,,
a4AAU000003Qp5H2AS,Section_Names,es:Section_Names:mgQ+tqdge+9UDF8yK4b9Gg==,Pledge Details,,,,
a4AAU000003QpA12AK,Section_Names,es:Section_Names:x6RgfjEjxSZP56NYG0Ei5A==,Post Approval Facilities,,,,
a4AAU000003Qp9Z2AS,Section_Names,es:Section_Names:9vjlVtr8fpLSuAt1PbTMig==,Post Closing Review,,,,
a4AAU000003Qp9i2AC,Section_Names,es:Section_Names:p/ZQMRxbwSYGKdqHu/Hy+Q==,Post Closing Review Approved,,,,
a4AAU000003Qp5l2AC,Section_Names,es:Section_Names:4irCWwZrIBRz3nqnAO9dkg==,Pricing,,,,
a4AAU000003xFm52AE,Section_Names,es:Section_Names:v/aKO/wiHm/0qFhnWmGpcg==,Pricing Condition Fields,,,,
a4AAU000003Qp7O2AS,Section_Names,es:Section_Names:ei6gtISU8YdorUzjGw06Cw==,Pricing Fields Read Only,,,,
a4AAU000003Qp5K2AS,Section_Names,es:Section_Names:JnDBnWXtDi6RIsvLSIq64Q==,Pricing Fields Required,,,,
a4AAU000003Qp8h2AC,Section_Names,es:Section_Names:b9fjlrJRkoiH/XLLEoHjgQ==,Pricing Information,,,,
a4AAU00000429L42AI,Section_Names,es:Section_Names:BL6cJxWdnsieuu3HlqgxUw==,Pricing Option Information from Details,,,,
a4AAU000003Qp7r2AC,Section_Names,es:Section_Names:aObpd8VFGA+ZyMFzGdXHuA==,Pricing Options,,,,
a4AAU000003Qp8i2AC,Section_Names,es:Section_Names:R1n/rfneaIiI9qt84RKoMQ==,Primary Account,,,,
a4AAU000003Qp8j2AC,Section_Names,es:Section_Names:xNuNo0SfqCSWZc+BLBn/oA==,Prior Government Guaranteed Loans,,,,
a4AAU000003Qp6u2AC,Section_Names,es:Section_Names:9Dk0n17kxOjnZEehiDstYQ==,Product Package Add Debt,,,,
a4AAU000003Qp6r2AC,Section_Names,es:Section_Names:0cIwrIhJfDEDI83gdrzGYQ==,Product Package Entity,,,,
a4AAU000003Qp6w2AC,Section_Names,es:Section_Names:08J0U03LEPzsLzohaRc4Eg==,Product Package Exposure Exclusion Disable,,,,
a4AAU000003Qp6v2AC,Section_Names,es:Section_Names:fon0LdhEU6v4gua525LmLw==,Product Package Exposure Exclusion Enable,,,,
a4AAU000003Qp6t2AC,Section_Names,es:Section_Names:AEncm45JMDRdFTUKBkrN8Q==,Product Package Total Exposure Summary,,,,
a4AAU000003Qp8k2AC,Section_Names,es:Section_Names:yMmctq46eR8+AxdvnQ17HA==,Product Packages,,,,
a4AAU000003Qp742AC,Section_Names,es:Section_Names:ieIh7ALp79dIDANNmyk/lw==,Product Summary,,,,
a4AAU000003Qp5t2AC,Section_Names,es:Section_Names:aOuiNzdAEf1TdTaIcNT5ww==,Property Location,,,,
a4AAU000003QpAX2A0,Section_Names,es:Section_Names:A3mR4e3JaKhG9IQhbh5+zg==,Purchase Conditions,,,,
a4AAU000003Qp6I2AS,Section_Names,es:Section_Names:vZTsGQIDsLpQjpTKwS6BZQ==,Questionnaire Admin Screen Section Lookup Section,,,,
a4AAU000003Qp9m2AC,Section_Names,es:Section_Names:MZgr4Hj0Gg3qgHtS61j2wQ==,Rate & Payment Structure,,,,
a4AAU000003Qp5m2AC,Section_Names,es:Section_Names:3f2OqR2p7UoShvC6trXi3g==,Rate Structure,,,,
a4AAU000003Qp6z2AC,Section_Names,es:Section_Names:koHezeQN6MzuqwB3f3XcfQ==,Rate Structure Details Fixed,,,,
a4AAU000003Qp9o2AC,Section_Names,es:Section_Names:Siv5zCnZO2kLp5c4kSf7cw==,Rate Structure Details Fixed with Index,,,,
a4AAU000003Qp702AC,Section_Names,es:Section_Names:ONzIKJmgWaIp+wiApQdpeg==,Rate Structure Details Floating,,,,
a4AAU000003Qp9n2AC,Section_Names,es:Section_Names:B7yjp6Wk5XVEFabjnSpAbQ==,Rate Structure Details Floating with Index,,,,
a4AAU000003Qp9p2AC,Section_Names,es:Section_Names:8rH1h7MCGUOIBWLe+aQRgA==,Rate Structure Table,,,,
a4AAU000003Qp9a2AC,Section_Names,es:Section_Names:LBqGVOIbZ3KPbDNsO5HhLg==,Read Only,,,,
a4AAU000003QpAa2AK,Section_Names,es:Section_Names:zs2tTn71uhViUeejVYnlXw==,Receivable's Information,,,,
a4AAU000003QpAc2AK,Section_Names,es:Section_Names:o6n/qsRG60y+a3PILKJXJg==,Receivables,,,,
a4AAU000003QpAZ2A0,Section_Names,es:Section_Names:cii3ZRvq1zwTNyaRbV1/0Q==,Receivables for Collection Management,,,,
a4AAU000003QpAY2A0,Section_Names,es:Section_Names:ODdwdF/I8KkObNbaqmSTYA==,Receivables for Collection Mgmt,,,,
a4AAU000003Qp5M2AS,Section_Names,es:Section_Names:4sUcAmMzCJTMD0K4Qnsiog==,Referral,,,,
a4AAU000003Qp8l2AC,Section_Names,es:Section_Names:30rn3hOHAQw4qc+2tEgYBQ==,Referral Information,,,,
a4AAU000003Qp8m2AC,Section_Names,es:Section_Names:FOrDI1Gq68nQtexC/pXjqw==,Referrals,,,,
a4AAU000003Qp8n2AC,Section_Names,es:Section_Names:htViBrgtUoTC+fItshdIaw==,Refinancing Information,,,,
a4AAU000003Qp8o2AC,Section_Names,es:Section_Names:rUzsvOrPH/+7M9z7YSNcdg==,Relationship Summary,,,,
a4AAU000003Qp7t2AC,Section_Names,es:Section_Names:EOKsd+o1p9LTkRq4ElIXbQ==,Requires Approval,,,,
a4AAU000003Qp642AC,Section_Names,es:Section_Names:hQtcYWCep9JQYyPX3awUaA==,Review Detail,,,,
a4AAU000003Qp5S2AS,Section_Names,es:Section_Names:YDkju1TOV6SWV+MBv8OReg==,Risk Rating,,,,
a4AAU000003Qp9b2AC,Section_Names,es:Section_Names:jieqRHRap/XZJ4Jc4KKPpg==,Risk Rating Review,,,,
a4AAU000003Qp8p2AC,Section_Names,es:Section_Names:wnOg1S0gx1oV2vmCogmuqg==,Risk Rating Reviews,,,,
a4AAU000003Qp8q2AC,Section_Names,es:Section_Names:oGMczNxPJ440FHVTsdO7dw==,Risk Ratings,,,,
a4AAU000003Qp5Q2AS,Section_Names,es:Section_Names:K1yF6xD+esq5u7ODsrzGUQ==,Row Edit,,,,
a4AAU000003QpA22AK,Section_Names,es:Section_Names:RMiYueb1ufjqC803+R/kIA==,Row Edit All Loan Facilities,,,,
a4AAU000003QpA02AK,Section_Names,es:Section_Names:rYnwRZhhDz7t50VN7Xt1JA==,Row Edit Booked,,,,
a4AAU000003Qp9x2AC,Section_Names,es:Section_Names:hiXd7G1CKayL/ZOyoBtX9g==,Row Edit Post Approval,,,,
a4AAU000003Qp5b2AC,Section_Names,es:Section_Names:uDf+hmt3Rwnz+un3a7aP0w==,Row Remove,,,,
a4AAU000003Qp8r2AC,Section_Names,es:Section_Names:RCyqw7wJoN/ztHmF2q0iVQ==,SBA Form 10,,,,
a4AAU000003Qp8s2AC,Section_Names,es:Section_Names:nSgy8OXBl1iuj81LTjvq8A==,SBA Form 1846,,,,
a4AAU000003Qp8t2AC,Section_Names,es:Section_Names:qog1slt/sethYqltRw6PMg==,SBA Form 1919,,,,
a4AAU000003Qp8u2AC,Section_Names,es:Section_Names:Tx9Y4G/3kayz9aLykIZP0Q==,SBA Form 1920,,,,
a4AAU000003Qp8v2AC,Section_Names,es:Section_Names:3x6Jo6f7JIbDsmZfRbEWOg==,SBA Form 1920Contacts,,,,
a4AAU000003Qp8w2AC,Section_Names,es:Section_Names:etjF00jYqVfhMYt6CszdHg==,SBA Form 912,,,,
a4AAU000003Qp7K2AS,Section_Names,es:Section_Names:NoSH0rd5L3SdeiUP1CseUw==,SBL Business Info,,,,
a4AAU000003Qp7L2AS,Section_Names,es:Section_Names:BLtNhuDIKrJzXiWEqVCRPQ==,SBL Business Location,,,,
a4AAU000003Qp7J2AS,Section_Names,es:Section_Names:FDXWC7R/uBk0tvVFZkOw6Q==,SBL Eligibility Business,,,,
a4AAU000003Qp7I2AS,Section_Names,es:Section_Names:wJ8zKMirgcYmtX+pVdjm9Q==,SBL Eligibility Loan,,,,
a4AAU000003Qp7F2AS,Section_Names,es:Section_Names:H5HQ7ytk8KUYy+GQbXAG5w==,SBL Personal Contact,,,,
a4AAU000003Qp7N2AS,Section_Names,es:Section_Names:0bMxB0kQ2ajBr8DRzyptDw==,SBL Personal Contact (Individual Other Involved),,,,
a4AAU000003Qp7D2AS,Section_Names,es:Section_Names:YG3JIssEWP61CuIUqYFzhw==,SBL Personal Role,,,,
a4AAU000003Qp7E2AS,Section_Names,es:Section_Names:EEsp6QGWLnGwfnXqTlSWrA==,SBL Personal SSN,,,,
a4AAU000003Qp7M2AS,Section_Names,es:Section_Names:BwzfBjsZ7I2ko/QqvYst7Q==,SBL Personal SSN (Individual Other Involved),,,,
a4AAU000003Qp662AC,Section_Names,es:Section_Names:vefqkIEBkXBnW4kyZuxKJw==,Scenario Proforma Options,,,,
a4AAU000003Qp7P2AS,Section_Names,es:Section_Names:wy2UuhSUbyc7jXbhfQwo2A==,Scenario_Card_Amount_Due,,,,
a4AAU000003Qp672AC,Section_Names,es:Section_Names:RkfSXkm3gl/z4wV2XnUtfQ==,Scenario_Card_Balance,,,,
a4AAU000003Qp692AC,Section_Names,es:Section_Names:CHhHUfgaqgODQ86xMjfsDA==,Scenario_Card_Net_Investable,,,,
a4AAU000003Qp682AC,Section_Names,es:Section_Names:EVv4oFmoIDs82+cd4wkKhw==,Scenario_Card_Reserve,,,,
a4AAU000003Qp7Q2AS,Section_Names,es:Section_Names:U65mrGWmJ5UsjyqyCNxBpQ==,Scenario_Card_Totals,,,,
a4AAU000003Qp9c2AC,Section_Names,es:Section_Names:Huldc9xEZRjuEeVrLg0p3Q==,Secondary Market,,,,
a4AAU000003Qp9j2AC,Section_Names,es:Section_Names:Dpj8n6tFMaRceJpDZnIIRw==,Secondary Market Approved,,,,
a4AAU000003QpA92AK,Section_Names,es:Section_Names:+3iksteNgk+2RMP0kogXVg==,Section - All,,,,
a4AAU000003QpA82AK,Section_Names,es:Section_Names:LUj9GPPDRwuNKBu61EaFuQ==,Section - Closing Filter,,,,
a4AAU000003QpAB2A0,Section_Names,es:Section_Names:L9sACzNfzUFiR1HC0E3Anw==,Section - Documents Filter,,,,
a4AAU000003QpAA2A0,Section_Names,es:Section_Names:QpYMjpxe1uP3jVjUijb8Aw==,Section - Origination Filter,,,,
a4AAU000003QpAG2A0,Section_Names,es:Section_Names:PVX+BWUSxazJRqKrS1PDJw==,Section - Servicing Filter,,,,
a4AAU000003Qp7B2AS,Section_Names,es:Section_Names:pL+p2xAzWmG9lLSV4BKsZA==,Secured SBL Business Info,,,,
a4AAU000003Qp7C2AS,Section_Names,es:Section_Names:2eY2opuoKBTpJjn+j5r8Dg==,Secured SBL Business Location,,,,
a4AAU000003Qp7A2AS,Section_Names,es:Section_Names:Lv/QkUJmMJ4vxKxYSkYUww==,Secured SBL Eligibility Business,,,,
a4AAU000003Qp792AC,Section_Names,es:Section_Names:KC6GlrWZE8Yopl+PlMXNwA==,Secured SBL Eligibility Loan,,,,
a4AAU000003Qp7H2AS,Section_Names,es:Section_Names:AtPVnyVXrHZIuSohXn5TSQ==,Secured SBL Personal Contact (Individual Other Involved),,,,
a4AAU000003Qp7G2AS,Section_Names,es:Section_Names:7DQtKiJiMK4727qNUfCLrQ==,Secured SBL Personal SSN (Individual Other Involved),,,,
a4AAU000003Qp8x2AC,Section_Names,es:Section_Names:yMwBeQfSCQeA6PEuGrpIAQ==,Service Requests,,,,
a4AAU000003Qp7d2AC,Section_Names,es:Section_Names:BKnbcC5gDqnSpFVk5CvQaA==,Short Term Extension Workflow View,,,,
a4AAU000003Qp8y2AC,Section_Names,es:Section_Names:YSxyyKdqMwUe+pKUsaJn+w==,Site Visits,,,,
a4AAU000003Qp8z2AC,Section_Names,es:Section_Names:kyj9p70B8sZBGs1qFysyBA==,Special Programs,,,,
a4AAU000003Qp902AC,Section_Names,es:Section_Names:M+Y/xxKg9hJNtHzy3gOf5A==,Stage History,,,,
a4AAU000003Qp5Z2AS,Section_Names,es:Section_Names:wzu0l98Em9EupQM1nv1qwQ==,Standard Fee,,,,
a4AAU000003Qp9d2AC,Section_Names,es:Section_Names:X0f8sMn6wF1xW1zcLDBgDA==,Structure Info,,,,
a4AAU000003Qp9k2AC,Section_Names,es:Section_Names:8elWquDkUAlvz1P1fKy+fw==,Structure Info Approved,,,,
a4AAU000003Qp5a2AC,Section_Names,es:Section_Names:8A3w7BhUJipRlP5uJmP53Q==,Syndication Summary,,,,
a4AAU000003Qp5E2AS,Section_Names,es:Section_Names:XTr7a0QDQKBtMGR6fV6kIw==,System Properties,,,,
a4AAU000003Qp7y2AC,Section_Names,es:Section_Names:72FVY8jo6pAsf8rDzSxCRg==,Tasks,,,,
a4AAU000003Qp602AC,Section_Names,es:Section_Names:gZZEbXKTv+sojXwh42oYhg==,Team Members,,,,
a4AAU000003Qp6a2AC,Section_Names,es:Section_Names:WL8yqXmcIcGu0LVE4fp7Sg==,Third Party Management,,,,
a4AAU000003Qp9e2AC,Section_Names,es:Section_Names:sxUvxu3vFIvWnrvIAM8HRQ==,Third Party Reports,,,,
a4AAU0000046Ysj2AE,Section_Names,es:Section_Names:fOx/xx15CAesTWaQR2Eacw==,Total Expenses conditional,,,,
a4AAU000003Qp6c2AC,Section_Names,es:Section_Names:dNTBRDOhSmEQ9REUj2nR5Q==,Total Exposure Summary,,,,
a4AAU000003Qp912AC,Section_Names,es:Section_Names:IOloou9MvcW+peNNCx5zMw==,Treasury,,,,
a4AAU000003Qp732AC,Section_Names,es:Section_Names:e23Fwc4YbD1clVTnurNXGQ==,Treasury Service Details,,,,
a4AAU000003Qp922AC,Section_Names,es:Section_Names:aScoZFkR8defLQ+pI2MkYA==,Type of Business,,,,
a4AAU000003Qp6D2AS,Section_Names,es:Section_Names:Y0HAx3nf8vpNyFJT3+9ynw==,UI Collateral Record Schedule,,,,
a4AAU000003Qp6C2AS,Section_Names,es:Section_Names:boYqAn8XBXfbPHrxAdx14g==,UI Collateral Summary,,,,
a4AAU000003Qp5j2AC,Section_Names,es:Section_Names:8kYDO2eMc8EaoX2Q3lELFA==,UI Config Builder - Add a New Conditional Screen Section,,,,
a4AAU000003Qp7n2AC,Section_Names,es:Section_Names:lWD2Dd2VTiJPw5QkwIv01g==,UI Config Builder - Add a New Route,,,,
a4AAU000003Qp7o2AC,Section_Names,es:Section_Names:BFnOrMD8iafvSQUai6i1Yg==,UI Config Builder - Add a New Route Group,,,,
a4AAU000003Qp7p2AC,Section_Names,es:Section_Names:I3eDp0QSY02EIfDYVfxqVw==,UI Config Builder - Add a New Screen,,,,
a4AAU000003Qp7q2AC,Section_Names,es:Section_Names:2njpQXBpKA/9IszQdvQqDg==,UI Config Builder - Add a New Screen Section,,,,
a4AAU000003Qp5i2AC,Section_Names,es:Section_Names:qroTr/9lE8a5GyABAF3Yqg==,UI Config Builder - Field Configuration,,,,
a4AAU000003Qp7l2AC,Section_Names,es:Section_Names:Cz55r7Y4m7PC8boA/oOglQ==,UI Config Builder - Route List,,,,
a4AAU000003Qp5h2AC,Section_Names,es:Section_Names:Y1nr2dAVaR0SuTbpQFGv0Q==,UI Config Builder - Section List,,,,
a4AAU000003Qp7m2AC,Section_Names,es:Section_Names:qxrDG1FiTpafDAQ7bag+5w==,UI Configuration,,,,
a4AAU000003Qp5c2AC,Section_Names,es:Section_Names:DD97pFZcy7fI4GR2EQByTA==,UI Configuration Builder,,,,
a4AAU000003Qp6E2AS,Section_Names,es:Section_Names:06mbYY3HDhdkApcAbDgGgA==,UI Related Pledged Collateral Schedule,,,,
a4AAU000003Qp6Y2AS,Section_Names,es:Section_Names:k38XENejEeySAxvQiRYmwA==,Underwriting_Overview,,,,
a4AAU000003Qp6N2AS,Section_Names,es:Section_Names:PhAekn/zde4N3Rbp6XPE6Q==,Universal Document Manager Bulk Update,,,,
a4AAU000003Qp6O2AS,Section_Names,es:Section_Names:7DzENHZNwy8Q5pzPpqk+Kw==,Universal Document Manager Bulk Update Summary,,,,
a4AAU000003Qp932AC,Section_Names,es:Section_Names:j+T4gGtabg/Yv0C/fnrYQg==,Use of Proceeds,,,,
a4AAU000003QpA32AK,Section_Names,es:Section_Names:7aJsc8N8+PPUxVv2Gh/Wgw==,a2FWx0000004nes,,,,
a4AAU000003QpA42AK,Section_Names,es:Section_Names:tl1kN63vonypIy5iWyu6sw==,a2FWx0000004net,,,,
a4AAU000003QpA52AK,Section_Names,es:Section_Names:/l+TsXOfWRqK9TD2Trxm5Q==,a2FWx0000004neu,,,,
a4AAU000003QpA62AK,Section_Names,es:Section_Names:QmgH/7di93wFi7Jwwz2L9A==,a2FWx0000004nev,,,,
a4AAU000003Qp5J2AS,Section_Names,es:Section_Names:TG0Z1EtmSfO+lfvnPcgJ0g==,participation records,,,,
